% Model,COMSOL_Bitter_Coils_01.mph,
% Version,COMSOL 6.3.0.335,
% Date,"Apr 25 2025, 18:08",
% Dimension,2,
% Nodes,2503,
% Expressions,1,
% Description,Surface,
x,z,Normal current density
-0.004613672,1.52E-04,7.21E+08
-0.004638477,1.78E-04,7.21E+08
-0.004663281,2.03E-04,7.21E+08
-0.004688086,2.29E-04,7.21E+08
-0.004712891,2.54E-04,7.21E+08
-0.004737695,2.79E-04,7.21E+08
-0.0047625,3.05E-04,7.21E+08
-0.004638477,1.27E-04,7.21E+08
-0.004663281,1.52E-04,7.21E+08
-0.004688086,1.78E-04,7.21E+08
-0.004712891,2.03E-04,7.21E+08
-0.004737695,2.29E-04,7.21E+08
-0.0047625,2.54E-04,7.21E+08
-0.004663281,1.02E-04,7.21E+08
-0.004688086,1.27E-04,7.21E+08
-0.004712891,1.52E-04,7.21E+08
-0.004737695,1.78E-04,7.21E+08
-0.0047625,2.03E-04,7.21E+08
-0.004688086,7.62E-05,7.21E+08
-0.004712891,1.02E-04,7.21E+08
-0.004737695,1.27E-04,7.21E+08
-0.0047625,1.52E-04,7.21E+08
-0.004712891,5.08E-05,7.21E+08
-0.004737695,7.62E-05,7.21E+08
-0.0047625,1.02E-04,7.21E+08
-0.004737695,2.54E-05,7.21E+08
-0.0047625,5.08E-05,7.21E+08
-0.0047625,-5.98E-15,7.22E+08
-0.004588867,1.27E-04,7.21E+08
-0.004613672,1.02E-04,7.21E+08
-0.004638477,7.62E-05,7.21E+08
-0.004663281,5.08E-05,7.21E+08
-0.004688086,2.54E-05,7.21E+08
-0.004712891,-5.98E-15,7.22E+08
-0.004564063,1.02E-04,7.21E+08
-0.004588867,7.62E-05,7.21E+08
-0.004613672,5.08E-05,7.21E+08
-0.004638477,2.54E-05,7.21E+08
-0.004663281,-5.98E-15,7.21E+08
-0.004539258,7.62E-05,7.21E+08
-0.004564063,5.08E-05,7.21E+08
-0.004588867,2.54E-05,7.21E+08
-0.004613672,-5.98E-15,7.21E+08
-0.004514453,5.08E-05,7.20E+08
-0.004539258,2.54E-05,7.21E+08
-0.004564063,-5.98E-15,7.21E+08
-0.004489648,2.54E-05,7.20E+08
-0.004514453,-5.98E-15,7.20E+08
-0.004464844,-5.97E-15,7.20E+08
-0.004440039,2.54E-05,7.20E+08
-0.004415234,5.08E-05,7.20E+08
-0.00439043,7.62E-05,7.20E+08
-0.004365625,1.02E-04,7.19E+08
-0.00434082,1.27E-04,7.19E+08
-0.004316016,1.52E-04,7.19E+08
-0.004464844,5.08E-05,7.20E+08
-0.004440039,7.62E-05,7.20E+08
-0.004415234,1.02E-04,7.20E+08
-0.00439043,1.27E-04,7.20E+08
-0.004365625,1.52E-04,7.20E+08
-0.004489648,7.62E-05,7.20E+08
-0.004464844,1.02E-04,7.20E+08
-0.004440039,1.27E-04,7.20E+08
-0.004415234,1.52E-04,7.20E+08
-0.004514453,1.02E-04,7.20E+08
-0.004489648,1.27E-04,7.20E+08
-0.004464844,1.52E-04,7.20E+08
-0.004539258,1.27E-04,7.21E+08
-0.004514453,1.52E-04,7.20E+08
-0.004564063,1.52E-04,7.21E+08
-0.004588867,1.78E-04,7.21E+08
-0.004564063,2.03E-04,7.21E+08
-0.004539258,2.29E-04,7.21E+08
-0.004514453,2.54E-04,7.20E+08
-0.004489648,2.79E-04,7.20E+08
-0.004464844,3.05E-04,7.20E+08
-0.004613672,2.03E-04,7.21E+08
-0.004588867,2.29E-04,7.21E+08
-0.004564063,2.54E-04,7.21E+08
-0.004539258,2.79E-04,7.20E+08
-0.004514453,3.05E-04,7.20E+08
-0.004638477,2.29E-04,7.21E+08
-0.004613672,2.54E-04,7.21E+08
-0.004588867,2.79E-04,7.21E+08
-0.004564063,3.05E-04,7.21E+08
-0.004663281,2.54E-04,7.21E+08
-0.004638477,2.79E-04,7.21E+08
-0.004613672,3.05E-04,7.21E+08
-0.004688086,2.79E-04,7.21E+08
-0.004663281,3.05E-04,7.21E+08
-0.004712891,3.05E-04,7.21E+08
-0.004440039,2.79E-04,7.20E+08
-0.004464844,2.54E-04,7.20E+08
-0.004489648,2.29E-04,7.20E+08
-0.004514453,2.03E-04,7.20E+08
-0.004539258,1.78E-04,7.21E+08
-0.004415234,2.54E-04,7.20E+08
-0.004440039,2.29E-04,7.20E+08
-0.004464844,2.03E-04,7.20E+08
-0.004489648,1.78E-04,7.20E+08
-0.00439043,2.29E-04,7.20E+08
-0.004415234,2.03E-04,7.20E+08
-0.004440039,1.78E-04,7.20E+08
-0.004365625,2.03E-04,7.19E+08
-0.00439043,1.78E-04,7.20E+08
-0.00434082,1.78E-04,7.19E+08
-0.004291211,1.27E-04,7.18E+08
-0.004316016,1.02E-04,7.19E+08
-0.00434082,7.62E-05,7.19E+08
-0.004365625,5.08E-05,7.19E+08
-0.00439043,2.54E-05,7.19E+08
-0.004415234,-5.97E-15,7.20E+08
-0.004266406,1.02E-04,7.18E+08
-0.004291211,7.62E-05,7.18E+08
-0.004316016,5.08E-05,7.19E+08
-0.00434082,2.54E-05,7.19E+08
-0.004365625,-5.97E-15,7.19E+08
-0.004241602,7.62E-05,7.18E+08
-0.004266406,5.08E-05,7.18E+08
-0.004291211,2.54E-05,7.18E+08
-0.004316016,-5.97E-15,7.19E+08
-0.004216797,5.08E-05,7.17E+08
-0.004241602,2.54E-05,7.18E+08
-0.004266406,-5.97E-15,7.18E+08
-0.004191992,2.54E-05,7.17E+08
-0.004216797,-5.97E-15,7.17E+08
-0.004167188,-5.97E-15,7.17E+08
-0.004142383,2.54E-05,7.16E+08
-0.004117578,5.08E-05,7.16E+08
-0.004092773,7.62E-05,7.15E+08
-0.004067969,1.02E-04,7.15E+08
-0.004043164,1.27E-04,7.14E+08
-0.004018359,1.52E-04,7.14E+08
-0.004167188,5.08E-05,7.17E+08
-0.004142383,7.62E-05,7.16E+08
-0.004117578,1.02E-04,7.16E+08
-0.004092773,1.27E-04,7.15E+08
-0.004067969,1.52E-04,7.15E+08
-0.004191992,7.62E-05,7.17E+08
-0.004167188,1.02E-04,7.17E+08
-0.004142383,1.27E-04,7.16E+08
-0.004117578,1.52E-04,7.16E+08
-0.004216797,1.02E-04,7.17E+08
-0.004191992,1.27E-04,7.17E+08
-0.004167188,1.52E-04,7.16E+08
-0.004241602,1.27E-04,7.18E+08
-0.004216797,1.52E-04,7.17E+08
-0.004266406,1.52E-04,7.18E+08
-0.004291211,1.78E-04,7.18E+08
-0.004266406,2.03E-04,7.18E+08
-0.004241602,2.29E-04,7.18E+08
-0.004216797,2.54E-04,7.17E+08
-0.004191992,2.79E-04,7.17E+08
-0.004167188,3.05E-04,7.17E+08
-0.004316016,2.03E-04,7.19E+08
-0.004291211,2.29E-04,7.18E+08
-0.004266406,2.54E-04,7.18E+08
-0.004241602,2.79E-04,7.18E+08
-0.004216797,3.05E-04,7.17E+08
-0.00434082,2.29E-04,7.19E+08
-0.004316016,2.54E-04,7.19E+08
-0.004291211,2.79E-04,7.18E+08
-0.004266406,3.05E-04,7.18E+08
-0.004365625,2.54E-04,7.19E+08
-0.00434082,2.79E-04,7.19E+08
-0.004316016,3.05E-04,7.18E+08
-0.00439043,2.79E-04,7.19E+08
-0.004365625,3.05E-04,7.19E+08
-0.004415234,3.05E-04,7.20E+08
-0.004142383,2.79E-04,7.16E+08
-0.004167188,2.54E-04,7.17E+08
-0.004191992,2.29E-04,7.17E+08
-0.004216797,2.03E-04,7.17E+08
-0.004241602,1.78E-04,7.18E+08
-0.004117578,2.54E-04,7.16E+08
-0.004142383,2.29E-04,7.16E+08
-0.004167188,2.03E-04,7.17E+08
-0.004191992,1.78E-04,7.17E+08
-0.004092773,2.29E-04,7.15E+08
-0.004117578,2.03E-04,7.16E+08
-0.004142383,1.78E-04,7.16E+08
-0.004067969,2.03E-04,7.15E+08
-0.004092773,1.78E-04,7.15E+08
-0.004043164,1.78E-04,7.14E+08
-0.003993555,1.27E-04,7.13E+08
-0.004018359,1.02E-04,7.14E+08
-0.004043164,7.62E-05,7.14E+08
-0.004067969,5.08E-05,7.15E+08
-0.004092773,2.54E-05,7.15E+08
-0.004117578,-5.98E-15,7.16E+08
-0.00396875,1.02E-04,7.13E+08
-0.003993555,7.62E-05,7.13E+08
-0.004018359,5.08E-05,7.14E+08
-0.004043164,2.54E-05,7.14E+08
-0.004067969,-5.98E-15,7.15E+08
-0.003943945,7.62E-05,7.12E+08
-0.00396875,5.08E-05,7.13E+08
-0.003993555,2.54E-05,7.13E+08
-0.004018359,-5.98E-15,7.14E+08
-0.003919141,5.08E-05,7.12E+08
-0.003943945,2.54E-05,7.12E+08
-0.00396875,-5.98E-15,7.13E+08
-0.003894336,2.54E-05,7.11E+08
-0.003919141,-5.98E-15,7.11E+08
-0.003869531,-5.98E-15,7.11E+08
-0.003844727,2.54E-05,7.10E+08
-0.003819922,5.08E-05,7.09E+08
-0.003795117,7.62E-05,7.09E+08
-0.003770313,1.02E-04,7.08E+08
-0.003745508,1.27E-04,7.07E+08
-0.003720703,1.52E-04,7.07E+08
-0.003869531,5.08E-05,7.11E+08
-0.003844727,7.62E-05,7.10E+08
-0.003819922,1.02E-04,7.09E+08
-0.003795117,1.27E-04,7.09E+08
-0.003770313,1.52E-04,7.08E+08
-0.003894336,7.62E-05,7.11E+08
-0.003869531,1.02E-04,7.11E+08
-0.003844727,1.27E-04,7.10E+08
-0.003819922,1.52E-04,7.09E+08
-0.003919141,1.02E-04,7.12E+08
-0.003894336,1.27E-04,7.11E+08
-0.003869531,1.52E-04,7.11E+08
-0.003943945,1.27E-04,7.12E+08
-0.003919141,1.52E-04,7.12E+08
-0.00396875,1.52E-04,7.13E+08
-0.003993555,1.78E-04,7.13E+08
-0.00396875,2.03E-04,7.13E+08
-0.003943945,2.29E-04,7.12E+08
-0.003919141,2.54E-04,7.12E+08
-0.003894336,2.79E-04,7.11E+08
-0.003869531,3.05E-04,7.10E+08
-0.004018359,2.03E-04,7.14E+08
-0.003993555,2.29E-04,7.13E+08
-0.00396875,2.54E-04,7.13E+08
-0.003943945,2.79E-04,7.12E+08
-0.003919141,3.05E-04,7.11E+08
-0.004043164,2.29E-04,7.14E+08
-0.004018359,2.54E-04,7.14E+08
-0.003993555,2.79E-04,7.13E+08
-0.00396875,3.05E-04,7.12E+08
-0.004067969,2.54E-04,7.15E+08
-0.004043164,2.79E-04,7.14E+08
-0.004018359,3.05E-04,7.13E+08
-0.004092773,2.79E-04,7.15E+08
-0.004067969,3.05E-04,7.14E+08
-0.004117578,3.05E-04,7.16E+08
-0.003844727,2.79E-04,7.10E+08
-0.003869531,2.54E-04,7.11E+08
-0.003894336,2.29E-04,7.11E+08
-0.003919141,2.03E-04,7.12E+08
-0.003943945,1.78E-04,7.12E+08
-0.003819922,2.54E-04,7.09E+08
-0.003844727,2.29E-04,7.10E+08
-0.003869531,2.03E-04,7.11E+08
-0.003894336,1.78E-04,7.11E+08
-0.003795117,2.29E-04,7.09E+08
-0.003819922,2.03E-04,7.09E+08
-0.003844727,1.78E-04,7.10E+08
-0.003770313,2.03E-04,7.08E+08
-0.003795117,1.78E-04,7.09E+08
-0.003745508,1.78E-04,7.07E+08
-0.003695898,1.27E-04,7.06E+08
-0.003720703,1.02E-04,7.07E+08
-0.003745508,7.62E-05,7.07E+08
-0.003770313,5.08E-05,7.08E+08
-0.003795117,2.54E-05,7.09E+08
-0.003819922,-5.98E-15,7.09E+08
-0.003671094,1.02E-04,7.05E+08
-0.003695898,7.62E-05,7.06E+08
-0.003720703,5.08E-05,7.07E+08
-0.003745508,2.54E-05,7.07E+08
-0.003770313,-5.98E-15,7.08E+08
-0.003646289,7.62E-05,7.05E+08
-0.003671094,5.08E-05,7.05E+08
-0.003695898,2.54E-05,7.06E+08
-0.003720703,-5.98E-15,7.07E+08
-0.003621484,5.08E-05,7.04E+08
-0.003646289,2.54E-05,7.05E+08
-0.003671094,-5.98E-15,7.05E+08
-0.00359668,2.54E-05,7.03E+08
-0.003621484,-5.98E-15,7.04E+08
-0.003571875,-5.98E-15,7.03E+08
-0.00354707,2.54E-05,7.02E+08
-0.003522266,5.08E-05,7.01E+08
-0.003497461,7.62E-05,7.00E+08
-0.003472656,1.02E-04,7.00E+08
-0.003447852,1.27E-04,6.99E+08
-0.003423047,1.52E-04,6.98E+08
-0.003571875,5.08E-05,7.03E+08
-0.00354707,7.62E-05,7.02E+08
-0.003522266,1.02E-04,7.01E+08
-0.003497461,1.27E-04,7.00E+08
-0.003472656,1.52E-04,7.00E+08
-0.00359668,7.62E-05,7.03E+08
-0.003571875,1.02E-04,7.03E+08
-0.00354707,1.27E-04,7.02E+08
-0.003522266,1.52E-04,7.01E+08
-0.003621484,1.02E-04,7.04E+08
-0.00359668,1.27E-04,7.03E+08
-0.003571875,1.52E-04,7.03E+08
-0.003646289,1.27E-04,7.05E+08
-0.003621484,1.52E-04,7.04E+08
-0.003671094,1.52E-04,7.05E+08
-0.003695898,1.78E-04,7.06E+08
-0.003671094,2.03E-04,7.05E+08
-0.003646289,2.29E-04,7.05E+08
-0.003621484,2.54E-04,7.04E+08
-0.00359668,2.79E-04,7.03E+08
-0.003571875,3.05E-04,7.03E+08
-0.003720703,2.03E-04,7.07E+08
-0.003695898,2.29E-04,7.06E+08
-0.003671094,2.54E-04,7.05E+08
-0.003646289,2.79E-04,7.05E+08
-0.003621484,3.05E-04,7.04E+08
-0.003745508,2.29E-04,7.07E+08
-0.003720703,2.54E-04,7.06E+08
-0.003695898,2.79E-04,7.06E+08
-0.003671094,3.05E-04,7.05E+08
-0.003770313,2.54E-04,7.08E+08
-0.003745508,2.79E-04,7.07E+08
-0.003720703,3.05E-04,7.06E+08
-0.003795117,2.79E-04,7.08E+08
-0.003770313,3.05E-04,7.08E+08
-0.003819922,3.05E-04,7.09E+08
-0.00354707,2.79E-04,7.02E+08
-0.003571875,2.54E-04,7.03E+08
-0.00359668,2.29E-04,7.03E+08
-0.003621484,2.03E-04,7.04E+08
-0.003646289,1.78E-04,7.05E+08
-0.003522266,2.54E-04,7.01E+08
-0.00354707,2.29E-04,7.02E+08
-0.003571875,2.03E-04,7.03E+08
-0.00359668,1.78E-04,7.03E+08
-0.003497461,2.29E-04,7.00E+08
-0.003522266,2.03E-04,7.01E+08
-0.00354707,1.78E-04,7.02E+08
-0.003472656,2.03E-04,7.00E+08
-0.003497461,1.78E-04,7.00E+08
-0.003447852,1.78E-04,6.99E+08
-0.003398242,1.27E-04,6.97E+08
-0.003423047,1.02E-04,6.98E+08
-0.003447852,7.62E-05,6.99E+08
-0.003472656,5.08E-05,7.00E+08
-0.003497461,2.54E-05,7.00E+08
-0.003522266,-5.98E-15,7.01E+08
-0.003373438,1.02E-04,6.97E+08
-0.003398242,7.62E-05,6.97E+08
-0.003423047,5.08E-05,6.98E+08
-0.003447852,2.54E-05,6.99E+08
-0.003472656,-5.98E-15,7.00E+08
-0.003348633,7.62E-05,6.96E+08
-0.003373438,5.08E-05,6.97E+08
-0.003398242,2.54E-05,6.97E+08
-0.003423047,-5.98E-15,6.98E+08
-0.003323828,5.08E-05,6.95E+08
-0.003348633,2.54E-05,6.96E+08
-0.003373438,-5.98E-15,6.97E+08
-0.003299023,2.54E-05,6.94E+08
-0.003323828,-5.98E-15,6.95E+08
-0.003274219,-5.98E-15,6.94E+08
-0.003249414,2.54E-05,6.93E+08
-0.003224609,5.08E-05,6.92E+08
-0.003199805,7.62E-05,6.91E+08
-0.003175,1.02E-04,6.90E+08
-0.003150195,1.27E-04,6.89E+08
-0.003125391,1.52E-04,6.89E+08
-0.003274219,5.08E-05,6.94E+08
-0.003249414,7.62E-05,6.93E+08
-0.003224609,1.02E-04,6.92E+08
-0.003199805,1.27E-04,6.91E+08
-0.003175,1.52E-04,6.90E+08
-0.003299023,7.62E-05,6.94E+08
-0.003274219,1.02E-04,6.94E+08
-0.003249414,1.27E-04,6.93E+08
-0.003224609,1.52E-04,6.92E+08
-0.003323828,1.02E-04,6.95E+08
-0.003299023,1.27E-04,6.94E+08
-0.003274219,1.52E-04,6.94E+08
-0.003348633,1.27E-04,6.96E+08
-0.003323828,1.52E-04,6.95E+08
-0.003373438,1.52E-04,6.97E+08
-0.003398242,1.78E-04,6.97E+08
-0.003373438,2.03E-04,6.97E+08
-0.003348633,2.29E-04,6.96E+08
-0.003323828,2.54E-04,6.95E+08
-0.003299023,2.79E-04,6.94E+08
-0.003274219,3.05E-04,6.94E+08
-0.003423047,2.03E-04,6.98E+08
-0.003398242,2.29E-04,6.97E+08
-0.003373438,2.54E-04,6.96E+08
-0.003348633,2.79E-04,6.96E+08
-0.003323828,3.05E-04,6.95E+08
-0.003447852,2.29E-04,6.99E+08
-0.003423047,2.54E-04,6.98E+08
-0.003398242,2.79E-04,6.97E+08
-0.003373438,3.05E-04,6.96E+08
-0.003472656,2.54E-04,7.00E+08
-0.003447852,2.79E-04,6.99E+08
-0.003423047,3.05E-04,6.98E+08
-0.003497461,2.79E-04,7.00E+08
-0.003472656,3.05E-04,6.99E+08
-0.003522266,3.05E-04,7.01E+08
-0.003249414,2.79E-04,6.93E+08
-0.003274219,2.54E-04,6.94E+08
-0.003299023,2.29E-04,6.94E+08
-0.003323828,2.03E-04,6.95E+08
-0.003348633,1.78E-04,6.96E+08
-0.003224609,2.54E-04,6.92E+08
-0.003249414,2.29E-04,6.93E+08
-0.003274219,2.03E-04,6.94E+08
-0.003299023,1.78E-04,6.94E+08
-0.003199805,2.29E-04,6.91E+08
-0.003224609,2.03E-04,6.92E+08
-0.003249414,1.78E-04,6.93E+08
-0.003175,2.03E-04,6.90E+08
-0.003199805,1.78E-04,6.91E+08
-0.003150195,1.78E-04,6.89E+08
-0.003100586,1.27E-04,6.88E+08
-0.003125391,1.02E-04,6.88E+08
-0.003150195,7.62E-05,6.89E+08
-0.003175,5.08E-05,6.90E+08
-0.003199805,2.54E-05,6.91E+08
-0.003224609,-5.98E-15,6.92E+08
-0.003075781,1.02E-04,6.87E+08
-0.003100586,7.62E-05,6.88E+08
-0.003125391,5.08E-05,6.88E+08
-0.003150195,2.54E-05,6.89E+08
-0.003175,-5.98E-15,6.90E+08
-0.003050977,7.62E-05,6.86E+08
-0.003075781,5.08E-05,6.87E+08
-0.003100586,2.54E-05,6.88E+08
-0.003125391,-5.98E-15,6.88E+08
-0.003026172,5.08E-05,6.85E+08
-0.003050977,2.54E-05,6.86E+08
-0.003075781,-5.98E-15,6.87E+08
-0.003001367,2.54E-05,6.84E+08
-0.003026172,-5.98E-15,6.85E+08
-0.002976563,-5.98E-15,6.83E+08
-0.002951758,2.54E-05,6.82E+08
-0.002926953,5.08E-05,6.82E+08
-0.002902148,7.62E-05,6.81E+08
-0.002877344,1.02E-04,6.80E+08
-0.002852539,1.27E-04,6.79E+08
-0.002827734,1.52E-04,6.78E+08
-0.002976563,5.08E-05,6.83E+08
-0.002951758,7.62E-05,6.82E+08
-0.002926953,1.02E-04,6.82E+08
-0.002902148,1.27E-04,6.81E+08
-0.002877344,1.52E-04,6.80E+08
-0.003001367,7.62E-05,6.84E+08
-0.002976563,1.02E-04,6.83E+08
-0.002951758,1.27E-04,6.82E+08
-0.002926953,1.52E-04,6.82E+08
-0.003026172,1.02E-04,6.85E+08
-0.003001367,1.27E-04,6.84E+08
-0.002976563,1.52E-04,6.83E+08
-0.003050977,1.27E-04,6.86E+08
-0.003026172,1.52E-04,6.85E+08
-0.003075781,1.52E-04,6.87E+08
-0.003100586,1.78E-04,6.88E+08
-0.003075781,2.03E-04,6.87E+08
-0.003050977,2.29E-04,6.86E+08
-0.003026172,2.54E-04,6.85E+08
-0.003001367,2.79E-04,6.84E+08
-0.002976563,3.05E-04,6.83E+08
-0.003125391,2.03E-04,6.88E+08
-0.003100586,2.29E-04,6.87E+08
-0.003075781,2.54E-04,6.87E+08
-0.003050977,2.79E-04,6.86E+08
-0.003026172,3.05E-04,6.85E+08
-0.003150195,2.29E-04,6.89E+08
-0.003125391,2.54E-04,6.88E+08
-0.003100586,2.79E-04,6.87E+08
-0.003075781,3.05E-04,6.87E+08
-0.003175,2.54E-04,6.90E+08
-0.003150195,2.79E-04,6.89E+08
-0.003125391,3.05E-04,6.88E+08
-0.003199805,2.79E-04,6.91E+08
-0.003175,3.05E-04,6.90E+08
-0.003224609,3.05E-04,6.92E+08
-0.002951758,2.79E-04,6.82E+08
-0.002976563,2.54E-04,6.83E+08
-0.003001367,2.29E-04,6.84E+08
-0.003026172,2.03E-04,6.85E+08
-0.003050977,1.78E-04,6.86E+08
-0.002926953,2.54E-04,6.81E+08
-0.002951758,2.29E-04,6.82E+08
-0.002976563,2.03E-04,6.83E+08
-0.003001367,1.78E-04,6.84E+08
-0.002902148,2.29E-04,6.81E+08
-0.002926953,2.03E-04,6.82E+08
-0.002951758,1.78E-04,6.82E+08
-0.002877344,2.03E-04,6.80E+08
-0.002902148,1.78E-04,6.81E+08
-0.002852539,1.78E-04,6.79E+08
-0.00280293,1.27E-04,6.77E+08
-0.002827734,1.02E-04,6.78E+08
-0.002852539,7.62E-05,6.79E+08
-0.002877344,5.08E-05,6.80E+08
-0.002902148,2.54E-05,6.81E+08
-0.002926953,-5.98E-15,6.81E+08
-0.002778125,1.02E-04,6.76E+08
-0.00280293,7.62E-05,6.77E+08
-0.002827734,5.08E-05,6.78E+08
-0.002852539,2.54E-05,6.79E+08
-0.002877344,-5.98E-15,6.80E+08
-0.00275332,7.62E-05,6.75E+08
-0.002778125,5.08E-05,6.76E+08
-0.00280293,2.54E-05,6.77E+08
-0.002827734,-5.98E-15,6.78E+08
-0.002728516,5.08E-05,6.74E+08
-0.00275332,2.54E-05,6.75E+08
-0.002778125,-5.98E-15,6.76E+08
-0.002703711,2.54E-05,6.73E+08
-0.002728516,-5.98E-15,6.74E+08
-0.002678906,-5.98E-15,6.73E+08
-0.002654102,2.54E-05,6.72E+08
-0.002629297,5.08E-05,6.71E+08
-0.002604492,7.62E-05,6.70E+08
-0.002579688,1.02E-04,6.69E+08
-0.002554883,1.27E-04,6.68E+08
-0.002530078,1.52E-04,6.67E+08
-0.002678906,5.08E-05,6.73E+08
-0.002654102,7.62E-05,6.72E+08
-0.002629297,1.02E-04,6.71E+08
-0.002604492,1.27E-04,6.70E+08
-0.002579688,1.52E-04,6.69E+08
-0.002703711,7.62E-05,6.74E+08
-0.002678906,1.02E-04,6.73E+08
-0.002654102,1.27E-04,6.72E+08
-0.002629297,1.52E-04,6.71E+08
-0.002728516,1.02E-04,6.74E+08
-0.002703711,1.27E-04,6.74E+08
-0.002678906,1.52E-04,6.73E+08
-0.00275332,1.27E-04,6.75E+08
-0.002728516,1.52E-04,6.75E+08
-0.002778125,1.52E-04,6.76E+08
-0.002678906,3.05E-04,6.73E+08
-0.002703711,2.79E-04,6.73E+08
-0.002728516,2.54E-04,6.74E+08
-0.00275332,2.29E-04,6.75E+08
-0.002778125,2.03E-04,6.76E+08
-0.00280293,1.78E-04,6.77E+08
-0.002654102,2.79E-04,6.72E+08
-0.002678906,2.54E-04,6.73E+08
-0.002703711,2.29E-04,6.74E+08
-0.002728516,2.03E-04,6.75E+08
-0.00275332,1.78E-04,6.75E+08
-0.002629297,2.54E-04,6.71E+08
-0.002654102,2.29E-04,6.72E+08
-0.002678906,2.03E-04,6.73E+08
-0.002703711,1.78E-04,6.74E+08
-0.002604492,2.29E-04,6.70E+08
-0.002629297,2.03E-04,6.71E+08
-0.002654102,1.78E-04,6.72E+08
-0.002579688,2.03E-04,6.69E+08
-0.002604492,1.78E-04,6.70E+08
-0.002554883,1.78E-04,6.68E+08
-0.002827734,2.03E-04,6.78E+08
-0.00280293,2.29E-04,6.77E+08
-0.002778125,2.54E-04,6.76E+08
-0.00275332,2.79E-04,6.75E+08
-0.002728516,3.05E-04,6.74E+08
-0.002852539,2.29E-04,6.79E+08
-0.002827734,2.54E-04,6.78E+08
-0.00280293,2.79E-04,6.77E+08
-0.002778125,3.05E-04,6.76E+08
-0.002877344,2.54E-04,6.80E+08
-0.002852539,2.79E-04,6.79E+08
-0.002827734,3.05E-04,6.78E+08
-0.002902148,2.79E-04,6.80E+08
-0.002877344,3.05E-04,6.80E+08
-0.002926953,3.05E-04,6.81E+08
-0.002505273,1.27E-04,6.66E+08
-0.002530078,1.02E-04,6.67E+08
-0.002554883,7.62E-05,6.68E+08
-0.002579688,5.08E-05,6.69E+08
-0.002604492,2.54E-05,6.70E+08
-0.002629297,-5.98E-15,6.71E+08
-0.002480469,1.02E-04,6.65E+08
-0.002505273,7.62E-05,6.66E+08
-0.002530078,5.08E-05,6.67E+08
-0.002554883,2.54E-05,6.68E+08
-0.002579688,-5.98E-15,6.69E+08
-0.002455664,7.62E-05,6.64E+08
-0.002480469,5.08E-05,6.65E+08
-0.002505273,2.54E-05,6.66E+08
-0.002530078,-5.98E-15,6.67E+08
-0.002430859,5.08E-05,6.63E+08
-0.002455664,2.54E-05,6.64E+08
-0.002480469,-5.98E-15,6.65E+08
-0.002406055,2.54E-05,6.62E+08
-0.002430859,-5.98E-15,6.63E+08
-0.00238125,-5.98E-15,6.61E+08
-0.002356445,2.54E-05,6.60E+08
-0.002331641,5.08E-05,6.59E+08
-0.002306836,7.62E-05,6.58E+08
-0.002282031,1.02E-04,6.57E+08
-0.002257227,1.27E-04,6.56E+08
-0.002232422,1.52E-04,6.55E+08
-0.00238125,5.08E-05,6.61E+08
-0.002356445,7.62E-05,6.60E+08
-0.002331641,1.02E-04,6.59E+08
-0.002306836,1.27E-04,6.58E+08
-0.002282031,1.52E-04,6.57E+08
-0.002406055,7.62E-05,6.62E+08
-0.00238125,1.02E-04,6.61E+08
-0.002356445,1.27E-04,6.60E+08
-0.002331641,1.52E-04,6.59E+08
-0.002430859,1.02E-04,6.63E+08
-0.002406055,1.27E-04,6.62E+08
-0.00238125,1.52E-04,6.61E+08
-0.002455664,1.27E-04,6.64E+08
-0.002430859,1.52E-04,6.63E+08
-0.002480469,1.52E-04,6.65E+08
-0.002505273,1.78E-04,6.66E+08
-0.002480469,2.03E-04,6.65E+08
-0.002455664,2.29E-04,6.64E+08
-0.002430859,2.54E-04,6.63E+08
-0.002406055,2.79E-04,6.62E+08
-0.00238125,3.05E-04,6.61E+08
-0.002530078,2.03E-04,6.67E+08
-0.002505273,2.29E-04,6.66E+08
-0.002480469,2.54E-04,6.65E+08
-0.002455664,2.79E-04,6.64E+08
-0.002430859,3.05E-04,6.63E+08
-0.002554883,2.29E-04,6.68E+08
-0.002530078,2.54E-04,6.67E+08
-0.002505273,2.79E-04,6.66E+08
-0.002480469,3.05E-04,6.65E+08
-0.002579688,2.54E-04,6.69E+08
-0.002554883,2.79E-04,6.68E+08
-0.002530078,3.05E-04,6.67E+08
-0.002604492,2.79E-04,6.70E+08
-0.002579688,3.05E-04,6.69E+08
-0.002629297,3.05E-04,6.71E+08
-0.002356445,2.79E-04,6.60E+08
-0.00238125,2.54E-04,6.61E+08
-0.002406055,2.29E-04,6.62E+08
-0.002430859,2.03E-04,6.63E+08
-0.002455664,1.78E-04,6.64E+08
-0.002331641,2.54E-04,6.59E+08
-0.002356445,2.29E-04,6.60E+08
-0.00238125,2.03E-04,6.61E+08
-0.002406055,1.78E-04,6.62E+08
-0.002306836,2.29E-04,6.58E+08
-0.002331641,2.03E-04,6.59E+08
-0.002356445,1.78E-04,6.60E+08
-0.002282031,2.03E-04,6.57E+08
-0.002306836,1.78E-04,6.58E+08
-0.002257227,1.78E-04,6.56E+08
-0.002207617,1.27E-04,6.54E+08
-0.002232422,1.02E-04,6.55E+08
-0.002257227,7.62E-05,6.56E+08
-0.002282031,5.08E-05,6.57E+08
-0.002306836,2.54E-05,6.58E+08
-0.002331641,-5.98E-15,6.59E+08
-0.002182813,1.02E-04,6.53E+08
-0.002207617,7.62E-05,6.54E+08
-0.002232422,5.08E-05,6.55E+08
-0.002257227,2.54E-05,6.56E+08
-0.002282031,-5.98E-15,6.57E+08
-0.002158008,7.62E-05,6.52E+08
-0.002182813,5.08E-05,6.53E+08
-0.002207617,2.54E-05,6.54E+08
-0.002232422,-5.98E-15,6.55E+08
-0.002133203,5.08E-05,6.51E+08
-0.002158008,2.54E-05,6.52E+08
-0.002182813,-5.98E-15,6.53E+08
-0.002108398,2.54E-05,6.50E+08
-0.002133203,-5.98E-15,6.51E+08
-0.002083594,-5.98E-15,6.49E+08
-0.002058789,2.54E-05,6.48E+08
-0.002033984,5.08E-05,6.47E+08
-0.00200918,7.62E-05,6.46E+08
-0.001984375,1.02E-04,6.45E+08
-0.00195957,1.27E-04,6.44E+08
-0.001934766,1.52E-04,6.42E+08
-0.002083594,5.08E-05,6.49E+08
-0.002058789,7.62E-05,6.48E+08
-0.002033984,1.02E-04,6.47E+08
-0.00200918,1.27E-04,6.46E+08
-0.001984375,1.52E-04,6.45E+08
-0.002108398,7.62E-05,6.50E+08
-0.002083594,1.02E-04,6.49E+08
-0.002058789,1.27E-04,6.48E+08
-0.002033984,1.52E-04,6.47E+08
-0.002133203,1.02E-04,6.51E+08
-0.002108398,1.27E-04,6.50E+08
-0.002083594,1.52E-04,6.49E+08
-0.002158008,1.27E-04,6.52E+08
-0.002133203,1.52E-04,6.51E+08
-0.002182813,1.52E-04,6.53E+08
-0.002083594,3.05E-04,6.49E+08
-0.002108398,2.79E-04,6.50E+08
-0.002133203,2.54E-04,6.51E+08
-0.002158008,2.29E-04,6.52E+08
-0.002182813,2.03E-04,6.53E+08
-0.002207617,1.78E-04,6.54E+08
-0.002058789,2.79E-04,6.48E+08
-0.002083594,2.54E-04,6.49E+08
-0.002108398,2.29E-04,6.50E+08
-0.002133203,2.03E-04,6.51E+08
-0.002158008,1.78E-04,6.52E+08
-0.002033984,2.54E-04,6.47E+08
-0.002058789,2.29E-04,6.48E+08
-0.002083594,2.03E-04,6.49E+08
-0.002108398,1.78E-04,6.50E+08
-0.00200918,2.29E-04,6.46E+08
-0.002033984,2.03E-04,6.47E+08
-0.002058789,1.78E-04,6.48E+08
-0.001984375,2.03E-04,6.44E+08
-0.00200918,1.78E-04,6.46E+08
-0.00195957,1.78E-04,6.43E+08
-0.002232422,2.03E-04,6.55E+08
-0.002207617,2.29E-04,6.54E+08
-0.002182813,2.54E-04,6.53E+08
-0.002158008,2.79E-04,6.52E+08
-0.002133203,3.05E-04,6.51E+08
-0.002257227,2.29E-04,6.56E+08
-0.002232422,2.54E-04,6.55E+08
-0.002207617,2.79E-04,6.54E+08
-0.002182813,3.05E-04,6.53E+08
-0.002282031,2.54E-04,6.57E+08
-0.002257227,2.79E-04,6.56E+08
-0.002232422,3.05E-04,6.55E+08
-0.002306836,2.79E-04,6.58E+08
-0.002282031,3.05E-04,6.57E+08
-0.002331641,3.05E-04,6.59E+08
-0.001909961,1.27E-04,6.41E+08
-0.001934766,1.02E-04,6.42E+08
-0.00195957,7.62E-05,6.43E+08
-0.001984375,5.08E-05,6.44E+08
-0.00200918,2.54E-05,6.45E+08
-0.002033984,-5.98E-15,6.47E+08
-0.001885156,1.02E-04,6.40E+08
-0.001909961,7.62E-05,6.41E+08
-0.001934766,5.08E-05,6.42E+08
-0.00195957,2.54E-05,6.43E+08
-0.001984375,-5.98E-15,6.44E+08
-0.001860352,7.62E-05,6.39E+08
-0.001885156,5.08E-05,6.40E+08
-0.001909961,2.54E-05,6.41E+08
-0.001934766,-5.98E-15,6.42E+08
-0.001835547,5.08E-05,6.38E+08
-0.001860352,2.54E-05,6.39E+08
-0.001885156,-5.98E-15,6.40E+08
-0.001810742,2.54E-05,6.37E+08
-0.001835547,-5.98E-15,6.38E+08
-0.001785938,-5.98E-15,6.36E+08
-0.001761133,2.54E-05,6.35E+08
-0.001736328,5.08E-05,6.34E+08
-0.001711523,7.62E-05,6.33E+08
-0.001686719,1.02E-04,6.32E+08
-0.001661914,1.27E-04,6.31E+08
-0.001637109,1.52E-04,6.30E+08
-0.001785938,5.08E-05,6.36E+08
-0.001761133,7.62E-05,6.35E+08
-0.001736328,1.02E-04,6.34E+08
-0.001711523,1.27E-04,6.33E+08
-0.001686719,1.52E-04,6.32E+08
-0.001810742,7.62E-05,6.37E+08
-0.001785938,1.02E-04,6.36E+08
-0.001761133,1.27E-04,6.35E+08
-0.001736328,1.52E-04,6.34E+08
-0.001835547,1.02E-04,6.38E+08
-0.001810742,1.27E-04,6.37E+08
-0.001785938,1.52E-04,6.36E+08
-0.001860352,1.27E-04,6.39E+08
-0.001835547,1.52E-04,6.38E+08
-0.001885156,1.52E-04,6.41E+08
-0.001909961,1.78E-04,6.41E+08
-0.001885156,2.03E-04,6.40E+08
-0.001860352,2.29E-04,6.39E+08
-0.001835547,2.54E-04,6.38E+08
-0.001810742,2.79E-04,6.37E+08
-0.001785938,3.05E-04,6.36E+08
-0.001934766,2.03E-04,6.42E+08
-0.001909961,2.29E-04,6.41E+08
-0.001885156,2.54E-04,6.40E+08
-0.001860352,2.79E-04,6.39E+08
-0.001835547,3.05E-04,6.38E+08
-0.00195957,2.29E-04,6.43E+08
-0.001934766,2.54E-04,6.42E+08
-0.001909961,2.79E-04,6.41E+08
-0.001885156,3.05E-04,6.40E+08
-0.001984375,2.54E-04,6.44E+08
-0.00195957,2.79E-04,6.43E+08
-0.001934766,3.05E-04,6.42E+08
-0.00200918,2.79E-04,6.45E+08
-0.001984375,3.05E-04,6.44E+08
-0.002033984,3.05E-04,6.46E+08
-0.001761133,2.79E-04,6.35E+08
-0.001785938,2.54E-04,6.36E+08
-0.001810742,2.29E-04,6.37E+08
-0.001835547,2.03E-04,6.38E+08
-0.001860352,1.78E-04,6.39E+08
-0.001736328,2.54E-04,6.34E+08
-0.001761133,2.29E-04,6.35E+08
-0.001785938,2.03E-04,6.36E+08
-0.001810742,1.78E-04,6.37E+08
-0.001711523,2.29E-04,6.33E+08
-0.001736328,2.03E-04,6.34E+08
-0.001761133,1.78E-04,6.35E+08
-0.001686719,2.03E-04,6.32E+08
-0.001711523,1.78E-04,6.33E+08
-0.001661914,1.78E-04,6.31E+08
-0.001612305,1.27E-04,6.29E+08
-0.001637109,1.02E-04,6.30E+08
-0.001661914,7.62E-05,6.31E+08
-0.001686719,5.08E-05,6.32E+08
-0.001711523,2.54E-05,6.33E+08
-0.001736328,-5.98E-15,6.34E+08
-0.0015875,1.02E-04,6.28E+08
-0.001612305,7.62E-05,6.29E+08
-0.001637109,5.08E-05,6.30E+08
-0.001661914,2.54E-05,6.31E+08
-0.001686719,-5.98E-15,6.32E+08
-0.001562695,7.62E-05,6.27E+08
-0.0015875,5.08E-05,6.28E+08
-0.001612305,2.54E-05,6.29E+08
-0.001637109,-5.98E-15,6.30E+08
-0.001537891,5.08E-05,6.26E+08
-0.001562695,2.54E-05,6.27E+08
-0.0015875,-5.98E-15,6.28E+08
-0.001513086,2.54E-05,6.25E+08
-0.001537891,-5.99E-15,6.26E+08
-0.001488281,-5.99E-15,6.24E+08
-0.001463477,2.54E-05,6.23E+08
-0.001438672,5.08E-05,6.22E+08
-0.001413867,7.62E-05,6.21E+08
-0.001389063,1.02E-04,6.20E+08
-0.001364258,1.27E-04,6.20E+08
-0.001339453,1.52E-04,6.19E+08
-0.001488281,5.08E-05,6.25E+08
-0.001463477,7.62E-05,6.24E+08
-0.001438672,1.02E-04,6.23E+08
-0.001413867,1.27E-04,6.22E+08
-0.001389063,1.52E-04,6.21E+08
-0.001513086,7.62E-05,6.26E+08
-0.001488281,1.02E-04,6.25E+08
-0.001463477,1.27E-04,6.24E+08
-0.001438672,1.52E-04,6.23E+08
-0.001537891,1.02E-04,6.27E+08
-0.001513086,1.27E-04,6.26E+08
-0.001488281,1.52E-04,6.25E+08
-0.001562695,1.27E-04,6.28E+08
-0.001537891,1.52E-04,6.27E+08
-0.0015875,1.52E-04,6.29E+08
-0.001488281,3.05E-04,6.24E+08
-0.001513086,2.79E-04,6.25E+08
-0.001537891,2.54E-04,6.26E+08
-0.001562695,2.29E-04,6.27E+08
-0.0015875,2.03E-04,6.28E+08
-0.001612305,1.78E-04,6.29E+08
-0.001463477,2.79E-04,6.23E+08
-0.001488281,2.54E-04,6.25E+08
-0.001513086,2.29E-04,6.26E+08
-0.001537891,2.03E-04,6.27E+08
-0.001562695,1.78E-04,6.28E+08
-0.001438672,2.54E-04,6.22E+08
-0.001463477,2.29E-04,6.24E+08
-0.001488281,2.03E-04,6.25E+08
-0.001513086,1.78E-04,6.26E+08
-0.001413867,2.29E-04,6.21E+08
-0.001438672,2.03E-04,6.23E+08
-0.001463477,1.78E-04,6.24E+08
-0.001389063,2.03E-04,6.20E+08
-0.001413867,1.78E-04,6.22E+08
-0.001364258,1.78E-04,6.19E+08
-0.001637109,2.03E-04,6.30E+08
-0.001612305,2.29E-04,6.29E+08
-0.0015875,2.54E-04,6.28E+08
-0.001562695,2.79E-04,6.27E+08
-0.001537891,3.05E-04,6.26E+08
-0.001661914,2.29E-04,6.31E+08
-0.001637109,2.54E-04,6.30E+08
-0.001612305,2.79E-04,6.29E+08
-0.0015875,3.05E-04,6.28E+08
-0.001686719,2.54E-04,6.32E+08
-0.001661914,2.79E-04,6.31E+08
-0.001637109,3.05E-04,6.30E+08
-0.001711523,2.79E-04,6.33E+08
-0.001686719,3.05E-04,6.32E+08
-0.001736328,3.05E-04,6.34E+08
-0.001314648,1.27E-04,6.18E+08
-0.001339453,1.02E-04,6.18E+08
-0.001364258,7.62E-05,6.19E+08
-0.001389063,5.08E-05,6.20E+08
-0.001413867,2.54E-05,6.21E+08
-0.001438672,-5.99E-15,6.22E+08
-0.001289844,1.02E-04,6.17E+08
-0.001314648,7.62E-05,6.18E+08
-0.001339453,5.08E-05,6.18E+08
-0.001364258,2.54E-05,6.19E+08
-0.001389063,-5.99E-15,6.20E+08
-0.001265039,7.62E-05,6.16E+08
-0.001289844,5.08E-05,6.17E+08
-0.001314648,2.54E-05,6.18E+08
-0.001339453,-5.99E-15,6.19E+08
-0.001240234,5.08E-05,6.15E+08
-0.001265039,2.54E-05,6.16E+08
-0.001289844,-5.99E-15,6.17E+08
-0.00121543,2.54E-05,6.14E+08
-0.001240234,-5.99E-15,6.15E+08
-0.001190625,-5.99E-15,6.13E+08
-0.00116582,2.54E-05,6.12E+08
-0.001141016,5.08E-05,6.11E+08
-0.001116211,7.62E-05,6.10E+08
-0.001091406,1.02E-04,6.09E+08
-0.001066602,1.27E-04,6.08E+08
-0.001041797,1.52E-04,6.07E+08
-0.001190625,5.08E-05,6.13E+08
-0.00116582,7.62E-05,6.12E+08
-0.001141016,1.02E-04,6.11E+08
-0.001116211,1.27E-04,6.10E+08
-0.001091406,1.52E-04,6.09E+08
-0.00121543,7.62E-05,6.14E+08
-0.001190625,1.02E-04,6.13E+08
-0.00116582,1.27E-04,6.12E+08
-0.001141016,1.52E-04,6.11E+08
-0.001240234,1.02E-04,6.15E+08
-0.00121543,1.27E-04,6.14E+08
-0.001190625,1.52E-04,6.13E+08
-0.001265039,1.27E-04,6.16E+08
-0.001240234,1.52E-04,6.15E+08
-0.001289844,1.52E-04,6.17E+08
-0.001314648,1.78E-04,6.18E+08
-0.001289844,2.03E-04,6.17E+08
-0.001265039,2.29E-04,6.16E+08
-0.001240234,2.54E-04,6.15E+08
-0.00121543,2.79E-04,6.14E+08
-0.001190625,3.05E-04,6.13E+08
-0.001339453,2.03E-04,6.18E+08
-0.001314648,2.29E-04,6.17E+08
-0.001289844,2.54E-04,6.17E+08
-0.001265039,2.79E-04,6.16E+08
-0.001240234,3.05E-04,6.15E+08
-0.001364258,2.29E-04,6.19E+08
-0.001339453,2.54E-04,6.18E+08
-0.001314648,2.79E-04,6.17E+08
-0.001289844,3.05E-04,6.17E+08
-0.001389063,2.54E-04,6.20E+08
-0.001364258,2.79E-04,6.19E+08
-0.001339453,3.05E-04,6.18E+08
-0.001413867,2.79E-04,6.21E+08
-0.001389063,3.05E-04,6.20E+08
-0.001438672,3.05E-04,6.22E+08
-0.00116582,2.79E-04,6.12E+08
-0.001190625,2.54E-04,6.13E+08
-0.00121543,2.29E-04,6.14E+08
-0.001240234,2.03E-04,6.15E+08
-0.001265039,1.78E-04,6.16E+08
-0.001141016,2.54E-04,6.11E+08
-0.00116582,2.29E-04,6.12E+08
-0.001190625,2.03E-04,6.13E+08
-0.00121543,1.78E-04,6.14E+08
-0.001116211,2.29E-04,6.10E+08
-0.001141016,2.03E-04,6.11E+08
-0.00116582,1.78E-04,6.12E+08
-0.001091406,2.03E-04,6.09E+08
-0.001116211,1.78E-04,6.10E+08
-0.001066602,1.78E-04,6.08E+08
-0.001016992,1.27E-04,6.06E+08
-0.001041797,1.02E-04,6.07E+08
-0.001066602,7.62E-05,6.08E+08
-0.001091406,5.08E-05,6.09E+08
-0.001116211,2.54E-05,6.10E+08
-0.001141016,-5.99E-15,6.11E+08
-9.92E-04,1.02E-04,6.06E+08
-0.001016992,7.62E-05,6.06E+08
-0.001041797,5.08E-05,6.07E+08
-0.001066602,2.54E-05,6.08E+08
-0.001091406,-5.99E-15,6.09E+08
-9.67E-04,7.62E-05,6.05E+08
-9.92E-04,5.08E-05,6.05E+08
-0.001016992,2.54E-05,6.06E+08
-0.001041797,-5.99E-15,6.07E+08
-9.43E-04,5.08E-05,6.04E+08
-9.67E-04,2.54E-05,6.04E+08
-9.92E-04,-5.99E-15,6.05E+08
-9.18E-04,2.54E-05,6.03E+08
-9.43E-04,-5.99E-15,6.04E+08
-8.93E-04,-5.99E-15,6.02E+08
-8.68E-04,2.54E-05,6.01E+08
-8.43E-04,5.08E-05,6.00E+08
-8.19E-04,7.62E-05,5.99E+08
-7.94E-04,1.02E-04,5.98E+08
-7.69E-04,1.27E-04,5.97E+08
-7.44E-04,1.52E-04,5.96E+08
-8.93E-04,5.08E-05,6.02E+08
-8.68E-04,7.62E-05,6.01E+08
-8.43E-04,1.02E-04,6.00E+08
-8.19E-04,1.27E-04,5.99E+08
-7.94E-04,1.52E-04,5.98E+08
-9.18E-04,7.62E-05,6.03E+08
-8.93E-04,1.02E-04,6.02E+08
-8.68E-04,1.27E-04,6.01E+08
-8.43E-04,1.52E-04,6.00E+08
-9.43E-04,1.02E-04,6.04E+08
-9.18E-04,1.27E-04,6.03E+08
-8.93E-04,1.52E-04,6.02E+08
-9.67E-04,1.27E-04,6.05E+08
-9.43E-04,1.52E-04,6.04E+08
-9.92E-04,1.52E-04,6.06E+08
-8.93E-04,3.05E-04,6.02E+08
-9.18E-04,2.79E-04,6.03E+08
-9.43E-04,2.54E-04,6.04E+08
-9.67E-04,2.29E-04,6.05E+08
-9.92E-04,2.03E-04,6.05E+08
-0.001016992,1.78E-04,6.06E+08
-8.68E-04,2.79E-04,6.01E+08
-8.93E-04,2.54E-04,6.02E+08
-9.18E-04,2.29E-04,6.03E+08
-9.43E-04,2.03E-04,6.04E+08
-9.67E-04,1.78E-04,6.05E+08
-8.43E-04,2.54E-04,6.00E+08
-8.68E-04,2.29E-04,6.01E+08
-8.93E-04,2.03E-04,6.02E+08
-9.18E-04,1.78E-04,6.03E+08
-8.19E-04,2.29E-04,5.99E+08
-8.43E-04,2.03E-04,6.00E+08
-8.68E-04,1.78E-04,6.01E+08
-7.94E-04,2.03E-04,5.98E+08
-8.19E-04,1.78E-04,5.99E+08
-7.69E-04,1.78E-04,5.97E+08
-0.001041797,2.03E-04,6.07E+08
-0.001016992,2.29E-04,6.06E+08
-9.92E-04,2.54E-04,6.05E+08
-9.67E-04,2.79E-04,6.04E+08
-9.43E-04,3.05E-04,6.04E+08
-0.001066602,2.29E-04,6.08E+08
-0.001041797,2.54E-04,6.07E+08
-0.001016992,2.79E-04,6.06E+08
-9.92E-04,3.05E-04,6.05E+08
-0.001091406,2.54E-04,6.09E+08
-0.001066602,2.79E-04,6.08E+08
-0.001041797,3.05E-04,6.07E+08
-0.001116211,2.79E-04,6.10E+08
-0.001091406,3.05E-04,6.09E+08
-0.001141016,3.05E-04,6.11E+08
-7.19E-04,1.27E-04,5.96E+08
-7.44E-04,1.02E-04,5.96E+08
-7.69E-04,7.62E-05,5.97E+08
-7.94E-04,5.08E-05,5.98E+08
-8.19E-04,2.54E-05,5.99E+08
-8.43E-04,-5.99E-15,6.00E+08
-6.95E-04,1.02E-04,5.95E+08
-7.19E-04,7.62E-05,5.95E+08
-7.44E-04,5.08E-05,5.96E+08
-7.69E-04,2.54E-05,5.97E+08
-7.94E-04,-5.99E-15,5.98E+08
-6.70E-04,7.62E-05,5.94E+08
-6.95E-04,5.08E-05,5.95E+08
-7.19E-04,2.54E-05,5.95E+08
-7.44E-04,-5.99E-15,5.96E+08
-6.45E-04,5.08E-05,5.93E+08
-6.70E-04,2.54E-05,5.94E+08
-6.95E-04,-5.99E-15,5.95E+08
-6.20E-04,2.54E-05,5.92E+08
-6.45E-04,-5.99E-15,5.93E+08
-5.95E-04,-5.99E-15,5.91E+08
-5.71E-04,2.54E-05,5.90E+08
-5.46E-04,5.08E-05,5.90E+08
-5.21E-04,7.62E-05,5.89E+08
-4.96E-04,1.02E-04,5.88E+08
-4.71E-04,1.27E-04,5.87E+08
-4.46E-04,1.52E-04,5.86E+08
-5.95E-04,5.08E-05,5.91E+08
-5.71E-04,7.62E-05,5.91E+08
-5.46E-04,1.02E-04,5.90E+08
-5.21E-04,1.27E-04,5.89E+08
-4.96E-04,1.52E-04,5.88E+08
-6.20E-04,7.62E-05,5.92E+08
-5.95E-04,1.02E-04,5.91E+08
-5.71E-04,1.27E-04,5.91E+08
-5.46E-04,1.52E-04,5.90E+08
-6.45E-04,1.02E-04,5.93E+08
-6.20E-04,1.27E-04,5.92E+08
-5.95E-04,1.52E-04,5.91E+08
-6.70E-04,1.27E-04,5.94E+08
-6.45E-04,1.52E-04,5.93E+08
-6.95E-04,1.52E-04,5.95E+08
-7.19E-04,1.78E-04,5.96E+08
-6.95E-04,2.03E-04,5.95E+08
-6.70E-04,2.29E-04,5.94E+08
-6.45E-04,2.54E-04,5.93E+08
-6.20E-04,2.79E-04,5.92E+08
-5.95E-04,3.05E-04,5.91E+08
-7.44E-04,2.03E-04,5.96E+08
-7.19E-04,2.29E-04,5.95E+08
-6.95E-04,2.54E-04,5.95E+08
-6.70E-04,2.79E-04,5.94E+08
-6.45E-04,3.05E-04,5.93E+08
-7.69E-04,2.29E-04,5.97E+08
-7.44E-04,2.54E-04,5.96E+08
-7.19E-04,2.79E-04,5.95E+08
-6.95E-04,3.05E-04,5.95E+08
-7.94E-04,2.54E-04,5.98E+08
-7.69E-04,2.79E-04,5.97E+08
-7.44E-04,3.05E-04,5.96E+08
-8.19E-04,2.79E-04,5.99E+08
-7.94E-04,3.05E-04,5.98E+08
-8.43E-04,3.05E-04,6.00E+08
-5.71E-04,2.79E-04,5.90E+08
-5.95E-04,2.54E-04,5.91E+08
-6.20E-04,2.29E-04,5.92E+08
-6.45E-04,2.03E-04,5.93E+08
-6.70E-04,1.78E-04,5.94E+08
-5.46E-04,2.54E-04,5.89E+08
-5.71E-04,2.29E-04,5.91E+08
-5.95E-04,2.03E-04,5.91E+08
-6.20E-04,1.78E-04,5.92E+08
-5.21E-04,2.29E-04,5.89E+08
-5.46E-04,2.03E-04,5.90E+08
-5.71E-04,1.78E-04,5.91E+08
-4.96E-04,2.03E-04,5.88E+08
-5.21E-04,1.78E-04,5.89E+08
-4.71E-04,1.78E-04,5.87E+08
-4.22E-04,1.27E-04,5.85E+08
-4.46E-04,1.02E-04,5.86E+08
-4.71E-04,7.62E-05,5.87E+08
-4.96E-04,5.08E-05,5.88E+08
-5.21E-04,2.54E-05,5.89E+08
-5.46E-04,-5.99E-15,5.89E+08
-3.97E-04,1.02E-04,5.85E+08
-4.22E-04,7.62E-05,5.85E+08
-4.46E-04,5.08E-05,5.86E+08
-4.71E-04,2.54E-05,5.87E+08
-4.96E-04,-5.99E-15,5.88E+08
-3.72E-04,7.62E-05,5.84E+08
-3.97E-04,5.08E-05,5.85E+08
-4.22E-04,2.54E-05,5.85E+08
-4.46E-04,-5.99E-15,5.86E+08
-3.47E-04,5.08E-05,5.83E+08
-3.72E-04,2.54E-05,5.84E+08
-3.97E-04,-5.99E-15,5.85E+08
-3.22E-04,2.54E-05,5.82E+08
-3.47E-04,-5.99E-15,5.83E+08
-2.98E-04,-5.99E-15,5.81E+08
-2.73E-04,2.54E-05,5.81E+08
-2.48E-04,5.08E-05,5.80E+08
-2.23E-04,7.62E-05,5.79E+08
-1.98E-04,1.02E-04,5.78E+08
-1.74E-04,1.27E-04,5.77E+08
-1.49E-04,1.52E-04,5.77E+08
-2.98E-04,5.08E-05,5.82E+08
-2.73E-04,7.62E-05,5.81E+08
-2.48E-04,1.02E-04,5.80E+08
-2.23E-04,1.27E-04,5.79E+08
-1.98E-04,1.52E-04,5.78E+08
-3.22E-04,7.62E-05,5.82E+08
-2.98E-04,1.02E-04,5.82E+08
-2.73E-04,1.27E-04,5.81E+08
-2.48E-04,1.52E-04,5.80E+08
-3.47E-04,1.02E-04,5.83E+08
-3.22E-04,1.27E-04,5.82E+08
-2.98E-04,1.52E-04,5.82E+08
-3.72E-04,1.27E-04,5.84E+08
-3.47E-04,1.52E-04,5.83E+08
-3.97E-04,1.52E-04,5.85E+08
-4.22E-04,1.78E-04,5.85E+08
-3.97E-04,2.03E-04,5.85E+08
-3.72E-04,2.29E-04,5.84E+08
-3.47E-04,2.54E-04,5.83E+08
-3.22E-04,2.79E-04,5.82E+08
-2.98E-04,3.05E-04,5.81E+08
-4.46E-04,2.03E-04,5.86E+08
-4.22E-04,2.29E-04,5.85E+08
-3.97E-04,2.54E-04,5.84E+08
-3.72E-04,2.79E-04,5.84E+08
-3.47E-04,3.05E-04,5.83E+08
-4.71E-04,2.29E-04,5.87E+08
-4.46E-04,2.54E-04,5.86E+08
-4.22E-04,2.79E-04,5.85E+08
-3.97E-04,3.05E-04,5.84E+08
-4.96E-04,2.54E-04,5.88E+08
-4.71E-04,2.79E-04,5.87E+08
-4.46E-04,3.05E-04,5.86E+08
-5.21E-04,2.79E-04,5.88E+08
-4.96E-04,3.05E-04,5.88E+08
-5.46E-04,3.05E-04,5.89E+08
-2.73E-04,2.79E-04,5.80E+08
-2.98E-04,2.54E-04,5.82E+08
-3.22E-04,2.29E-04,5.82E+08
-3.47E-04,2.03E-04,5.83E+08
-3.72E-04,1.78E-04,5.84E+08
-2.48E-04,2.54E-04,5.80E+08
-2.73E-04,2.29E-04,5.81E+08
-2.98E-04,2.03E-04,5.82E+08
-3.22E-04,1.78E-04,5.82E+08
-2.23E-04,2.29E-04,5.79E+08
-2.48E-04,2.03E-04,5.80E+08
-2.73E-04,1.78E-04,5.81E+08
-1.98E-04,2.03E-04,5.78E+08
-2.23E-04,1.78E-04,5.79E+08
-1.74E-04,1.78E-04,5.77E+08
-1.24E-04,1.27E-04,5.76E+08
-1.49E-04,1.02E-04,5.77E+08
-1.74E-04,7.62E-05,5.77E+08
-1.98E-04,5.08E-05,5.78E+08
-2.23E-04,2.54E-05,5.79E+08
-2.48E-04,-5.99E-15,5.80E+08
-9.92E-05,1.02E-04,5.75E+08
-1.24E-04,7.62E-05,5.76E+08
-1.49E-04,5.08E-05,5.77E+08
-1.74E-04,2.54E-05,5.77E+08
-1.98E-04,-5.99E-15,5.78E+08
-7.44E-05,7.62E-05,5.74E+08
-9.92E-05,5.08E-05,5.75E+08
-1.24E-04,2.54E-05,5.76E+08
-1.49E-04,-5.99E-15,5.77E+08
-4.96E-05,5.08E-05,5.74E+08
-7.44E-05,2.54E-05,5.74E+08
-9.92E-05,-5.99E-15,5.75E+08
-2.48E-05,2.54E-05,5.73E+08
-4.96E-05,-5.99E-15,5.74E+08
-1.31E-15,-5.99E-15,5.72E+08
2.48E-05,2.54E-05,5.71E+08
4.96E-05,5.08E-05,5.71E+08
7.44E-05,7.62E-05,5.70E+08
9.92E-05,1.02E-04,5.69E+08
1.24E-04,1.27E-04,5.68E+08
1.49E-04,1.52E-04,5.68E+08
-1.31E-15,5.08E-05,5.72E+08
2.48E-05,7.62E-05,5.71E+08
4.96E-05,1.02E-04,5.71E+08
7.44E-05,1.27E-04,5.70E+08
9.92E-05,1.52E-04,5.69E+08
-2.48E-05,7.62E-05,5.73E+08
-1.31E-15,1.02E-04,5.72E+08
2.48E-05,1.27E-04,5.71E+08
4.96E-05,1.52E-04,5.71E+08
-4.96E-05,1.02E-04,5.74E+08
-2.48E-05,1.27E-04,5.73E+08
-1.31E-15,1.52E-04,5.72E+08
-7.44E-05,1.27E-04,5.75E+08
-4.96E-05,1.52E-04,5.74E+08
-9.92E-05,1.52E-04,5.75E+08
-1.31E-15,3.05E-04,5.72E+08
-2.48E-05,2.79E-04,5.73E+08
-4.96E-05,2.54E-04,5.74E+08
-7.44E-05,2.29E-04,5.74E+08
-9.92E-05,2.03E-04,5.75E+08
-1.24E-04,1.78E-04,5.76E+08
2.48E-05,2.79E-04,5.71E+08
-1.31E-15,2.54E-04,5.72E+08
-2.48E-05,2.29E-04,5.73E+08
-4.96E-05,2.03E-04,5.74E+08
-7.44E-05,1.78E-04,5.75E+08
4.96E-05,2.54E-04,5.70E+08
2.48E-05,2.29E-04,5.71E+08
-1.31E-15,2.03E-04,5.72E+08
-2.48E-05,1.78E-04,5.73E+08
7.44E-05,2.29E-04,5.70E+08
4.96E-05,2.03E-04,5.71E+08
2.48E-05,1.78E-04,5.71E+08
9.92E-05,2.03E-04,5.69E+08
7.44E-05,1.78E-04,5.70E+08
1.24E-04,1.78E-04,5.68E+08
-1.49E-04,2.03E-04,5.76E+08
-1.24E-04,2.29E-04,5.76E+08
-9.92E-05,2.54E-04,5.75E+08
-7.44E-05,2.79E-04,5.74E+08
-4.96E-05,3.05E-04,5.73E+08
-1.74E-04,2.29E-04,5.77E+08
-1.49E-04,2.54E-04,5.76E+08
-1.24E-04,2.79E-04,5.76E+08
-9.92E-05,3.05E-04,5.75E+08
-1.98E-04,2.54E-04,5.78E+08
-1.74E-04,2.79E-04,5.77E+08
-1.49E-04,3.05E-04,5.76E+08
-2.23E-04,2.79E-04,5.79E+08
-1.98E-04,3.05E-04,5.78E+08
-2.48E-04,3.05E-04,5.79E+08
1.74E-04,1.27E-04,5.67E+08
1.49E-04,1.02E-04,5.67E+08
1.24E-04,7.62E-05,5.68E+08
9.92E-05,5.08E-05,5.69E+08
7.44E-05,2.54E-05,5.70E+08
4.96E-05,-5.99E-15,5.70E+08
1.98E-04,1.02E-04,5.66E+08
1.74E-04,7.62E-05,5.67E+08
1.49E-04,5.08E-05,5.67E+08
1.24E-04,2.54E-05,5.68E+08
9.92E-05,-5.99E-15,5.69E+08
2.23E-04,7.62E-05,5.65E+08
1.98E-04,5.08E-05,5.66E+08
1.74E-04,2.54E-05,5.67E+08
1.49E-04,-5.99E-15,5.67E+08
2.48E-04,5.08E-05,5.65E+08
2.23E-04,2.54E-05,5.65E+08
1.98E-04,-5.99E-15,5.66E+08
2.73E-04,2.54E-05,5.64E+08
2.48E-04,-5.99E-15,5.65E+08
2.98E-04,-5.99E-15,5.63E+08
3.22E-04,2.54E-05,5.63E+08
3.47E-04,5.08E-05,5.62E+08
3.72E-04,7.62E-05,5.62E+08
3.97E-04,1.02E-04,5.61E+08
4.22E-04,1.27E-04,5.60E+08
4.46E-04,1.52E-04,5.60E+08
2.98E-04,5.08E-05,5.64E+08
3.22E-04,7.62E-05,5.63E+08
3.47E-04,1.02E-04,5.62E+08
3.72E-04,1.27E-04,5.62E+08
3.97E-04,1.52E-04,5.61E+08
2.73E-04,7.62E-05,5.64E+08
2.98E-04,1.02E-04,5.64E+08
3.22E-04,1.27E-04,5.63E+08
3.47E-04,1.52E-04,5.62E+08
2.48E-04,1.02E-04,5.65E+08
2.73E-04,1.27E-04,5.64E+08
2.98E-04,1.52E-04,5.64E+08
2.23E-04,1.27E-04,5.66E+08
2.48E-04,1.52E-04,5.65E+08
1.98E-04,1.52E-04,5.66E+08
1.74E-04,1.78E-04,5.67E+08
1.98E-04,2.03E-04,5.66E+08
2.23E-04,2.29E-04,5.65E+08
2.48E-04,2.54E-04,5.65E+08
2.73E-04,2.79E-04,5.64E+08
2.98E-04,3.05E-04,5.63E+08
1.49E-04,2.03E-04,5.67E+08
1.74E-04,2.29E-04,5.67E+08
1.98E-04,2.54E-04,5.66E+08
2.23E-04,2.79E-04,5.65E+08
2.48E-04,3.05E-04,5.64E+08
1.24E-04,2.29E-04,5.68E+08
1.49E-04,2.54E-04,5.67E+08
1.74E-04,2.79E-04,5.67E+08
1.98E-04,3.05E-04,5.66E+08
9.92E-05,2.54E-04,5.69E+08
1.24E-04,2.79E-04,5.68E+08
1.49E-04,3.05E-04,5.67E+08
7.44E-05,2.79E-04,5.69E+08
9.92E-05,3.05E-04,5.69E+08
4.96E-05,3.05E-04,5.70E+08
3.22E-04,2.79E-04,5.63E+08
2.98E-04,2.54E-04,5.64E+08
2.73E-04,2.29E-04,5.64E+08
2.48E-04,2.03E-04,5.65E+08
2.23E-04,1.78E-04,5.66E+08
3.47E-04,2.54E-04,5.62E+08
3.22E-04,2.29E-04,5.63E+08
2.98E-04,2.03E-04,5.64E+08
2.73E-04,1.78E-04,5.64E+08
3.72E-04,2.29E-04,5.61E+08
3.47E-04,2.03E-04,5.62E+08
3.22E-04,1.78E-04,5.63E+08
3.97E-04,2.03E-04,5.61E+08
3.72E-04,1.78E-04,5.62E+08
4.22E-04,1.78E-04,5.60E+08
4.71E-04,1.27E-04,5.59E+08
4.46E-04,1.02E-04,5.60E+08
4.22E-04,7.62E-05,5.60E+08
3.97E-04,5.08E-05,5.61E+08
3.72E-04,2.54E-05,5.62E+08
3.47E-04,-5.99E-15,5.62E+08
4.96E-04,1.02E-04,5.58E+08
4.71E-04,7.62E-05,5.59E+08
4.46E-04,5.08E-05,5.60E+08
4.22E-04,2.54E-05,5.60E+08
3.97E-04,-5.99E-15,5.61E+08
5.21E-04,7.62E-05,5.58E+08
4.96E-04,5.08E-05,5.58E+08
4.71E-04,2.54E-05,5.59E+08
4.46E-04,-5.99E-15,5.60E+08
5.46E-04,5.08E-05,5.57E+08
5.21E-04,2.54E-05,5.58E+08
4.96E-04,-5.99E-15,5.58E+08
5.71E-04,2.54E-05,5.56E+08
5.46E-04,-5.99E-15,5.57E+08
5.95E-04,-5.99E-15,5.56E+08
6.20E-04,2.54E-05,5.55E+08
6.45E-04,5.08E-05,5.54E+08
6.70E-04,7.62E-05,5.54E+08
6.95E-04,1.02E-04,5.53E+08
7.19E-04,1.27E-04,5.53E+08
7.44E-04,1.52E-04,5.52E+08
5.95E-04,5.08E-05,5.56E+08
6.20E-04,7.62E-05,5.55E+08
6.45E-04,1.02E-04,5.55E+08
6.70E-04,1.27E-04,5.54E+08
6.95E-04,1.52E-04,5.53E+08
5.71E-04,7.62E-05,5.56E+08
5.95E-04,1.02E-04,5.56E+08
6.20E-04,1.27E-04,5.55E+08
6.45E-04,1.52E-04,5.55E+08
5.46E-04,1.02E-04,5.57E+08
5.71E-04,1.27E-04,5.56E+08
5.95E-04,1.52E-04,5.56E+08
5.21E-04,1.27E-04,5.58E+08
5.46E-04,1.52E-04,5.57E+08
4.96E-04,1.52E-04,5.58E+08
5.95E-04,3.05E-04,5.56E+08
5.71E-04,2.79E-04,5.56E+08
5.46E-04,2.54E-04,5.57E+08
5.21E-04,2.29E-04,5.57E+08
4.96E-04,2.03E-04,5.58E+08
4.71E-04,1.78E-04,5.59E+08
6.20E-04,2.79E-04,5.55E+08
5.95E-04,2.54E-04,5.56E+08
5.71E-04,2.29E-04,5.56E+08
5.46E-04,2.03E-04,5.57E+08
5.21E-04,1.78E-04,5.58E+08
6.45E-04,2.54E-04,5.54E+08
6.20E-04,2.29E-04,5.55E+08
5.95E-04,2.03E-04,5.56E+08
5.71E-04,1.78E-04,5.56E+08
6.70E-04,2.29E-04,5.54E+08
6.45E-04,2.03E-04,5.55E+08
6.20E-04,1.78E-04,5.55E+08
6.95E-04,2.03E-04,5.53E+08
6.70E-04,1.78E-04,5.54E+08
7.19E-04,1.78E-04,5.53E+08
4.46E-04,2.03E-04,5.59E+08
4.71E-04,2.29E-04,5.59E+08
4.96E-04,2.54E-04,5.58E+08
5.21E-04,2.79E-04,5.57E+08
5.46E-04,3.05E-04,5.57E+08
4.22E-04,2.29E-04,5.60E+08
4.46E-04,2.54E-04,5.59E+08
4.71E-04,2.79E-04,5.59E+08
4.96E-04,3.05E-04,5.58E+08
3.97E-04,2.54E-04,5.61E+08
4.22E-04,2.79E-04,5.60E+08
4.46E-04,3.05E-04,5.59E+08
3.72E-04,2.79E-04,5.61E+08
3.97E-04,3.05E-04,5.61E+08
3.47E-04,3.05E-04,5.62E+08
7.69E-04,1.27E-04,5.51E+08
7.44E-04,1.02E-04,5.52E+08
7.19E-04,7.62E-05,5.53E+08
6.95E-04,5.08E-05,5.53E+08
6.70E-04,2.54E-05,5.54E+08
6.45E-04,-5.99E-15,5.54E+08
7.94E-04,1.02E-04,5.51E+08
7.69E-04,7.62E-05,5.51E+08
7.44E-04,5.08E-05,5.52E+08
7.19E-04,2.54E-05,5.53E+08
6.95E-04,-5.99E-15,5.53E+08
8.19E-04,7.62E-05,5.50E+08
7.94E-04,5.08E-05,5.51E+08
7.69E-04,2.54E-05,5.51E+08
7.44E-04,-5.99E-15,5.52E+08
8.43E-04,5.08E-05,5.50E+08
8.19E-04,2.54E-05,5.50E+08
7.94E-04,-5.99E-15,5.51E+08
8.68E-04,2.54E-05,5.49E+08
8.43E-04,-5.99E-15,5.49E+08
8.93E-04,-5.99E-15,5.49E+08
9.18E-04,2.54E-05,5.48E+08
9.43E-04,5.08E-05,5.48E+08
9.67E-04,7.62E-05,5.47E+08
9.92E-04,1.02E-04,5.47E+08
0.001016992,1.27E-04,5.46E+08
0.001041797,1.52E-04,5.46E+08
8.93E-04,5.08E-05,5.49E+08
9.18E-04,7.62E-05,5.48E+08
9.43E-04,1.02E-04,5.48E+08
9.67E-04,1.27E-04,5.47E+08
9.92E-04,1.52E-04,5.47E+08
8.68E-04,7.62E-05,5.49E+08
8.93E-04,1.02E-04,5.49E+08
9.18E-04,1.27E-04,5.48E+08
9.43E-04,1.52E-04,5.48E+08
8.43E-04,1.02E-04,5.50E+08
8.68E-04,1.27E-04,5.49E+08
8.93E-04,1.52E-04,5.49E+08
8.19E-04,1.27E-04,5.50E+08
8.43E-04,1.52E-04,5.50E+08
7.94E-04,1.52E-04,5.51E+08
7.69E-04,1.78E-04,5.51E+08
7.94E-04,2.03E-04,5.51E+08
8.19E-04,2.29E-04,5.50E+08
8.43E-04,2.54E-04,5.50E+08
8.68E-04,2.79E-04,5.49E+08
8.93E-04,3.05E-04,5.49E+08
7.44E-04,2.03E-04,5.52E+08
7.69E-04,2.29E-04,5.51E+08
7.94E-04,2.54E-04,5.51E+08
8.19E-04,2.79E-04,5.50E+08
8.43E-04,3.05E-04,5.50E+08
7.19E-04,2.29E-04,5.53E+08
7.44E-04,2.54E-04,5.52E+08
7.69E-04,2.79E-04,5.51E+08
7.94E-04,3.05E-04,5.51E+08
6.95E-04,2.54E-04,5.53E+08
7.19E-04,2.79E-04,5.53E+08
7.44E-04,3.05E-04,5.52E+08
6.70E-04,2.79E-04,5.54E+08
6.95E-04,3.05E-04,5.53E+08
6.45E-04,3.05E-04,5.54E+08
9.18E-04,2.79E-04,5.48E+08
8.93E-04,2.54E-04,5.49E+08
8.68E-04,2.29E-04,5.49E+08
8.43E-04,2.03E-04,5.50E+08
8.19E-04,1.78E-04,5.50E+08
9.43E-04,2.54E-04,5.48E+08
9.18E-04,2.29E-04,5.48E+08
8.93E-04,2.03E-04,5.49E+08
8.68E-04,1.78E-04,5.49E+08
9.67E-04,2.29E-04,5.47E+08
9.43E-04,2.03E-04,5.48E+08
9.18E-04,1.78E-04,5.48E+08
9.92E-04,2.03E-04,5.47E+08
9.67E-04,1.78E-04,5.47E+08
0.001016992,1.78E-04,5.46E+08
0.001066602,1.27E-04,5.45E+08
0.001041797,1.02E-04,5.46E+08
0.001016992,7.62E-05,5.46E+08
9.92E-04,5.08E-05,5.47E+08
9.67E-04,2.54E-05,5.47E+08
9.43E-04,-5.99E-15,5.48E+08
0.001091406,1.02E-04,5.45E+08
0.001066602,7.62E-05,5.45E+08
0.001041797,5.08E-05,5.46E+08
0.001016992,2.54E-05,5.46E+08
9.92E-04,-5.99E-15,5.47E+08
0.001116211,7.62E-05,5.44E+08
0.001091406,5.08E-05,5.44E+08
0.001066602,2.54E-05,5.45E+08
0.001041797,-5.99E-15,5.46E+08
0.001141016,5.08E-05,5.43E+08
0.001116211,2.54E-05,5.44E+08
0.001091406,-6.00E-15,5.44E+08
0.00116582,2.54E-05,5.43E+08
0.001141016,-6.00E-15,5.43E+08
0.001190625,-6.00E-15,5.42E+08
0.00121543,2.54E-05,5.42E+08
0.001240234,5.08E-05,5.41E+08
0.001265039,7.62E-05,5.41E+08
0.001289844,1.02E-04,5.40E+08
0.001314648,1.27E-04,5.40E+08
0.001339453,1.52E-04,5.39E+08
0.001190625,5.08E-05,5.43E+08
0.00121543,7.62E-05,5.42E+08
0.001240234,1.02E-04,5.42E+08
0.001265039,1.27E-04,5.41E+08
0.001289844,1.52E-04,5.41E+08
0.00116582,7.62E-05,5.43E+08
0.001190625,1.02E-04,5.43E+08
0.00121543,1.27E-04,5.42E+08
0.001240234,1.52E-04,5.42E+08
0.001141016,1.02E-04,5.44E+08
0.00116582,1.27E-04,5.43E+08
0.001190625,1.52E-04,5.43E+08
0.001116211,1.27E-04,5.44E+08
0.001141016,1.52E-04,5.44E+08
0.001091406,1.52E-04,5.45E+08
0.001190625,3.05E-04,5.42E+08
0.00116582,2.79E-04,5.43E+08
0.001141016,2.54E-04,5.43E+08
0.001116211,2.29E-04,5.44E+08
0.001091406,2.03E-04,5.45E+08
0.001066602,1.78E-04,5.45E+08
0.00121543,2.79E-04,5.42E+08
0.001190625,2.54E-04,5.43E+08
0.00116582,2.29E-04,5.43E+08
0.001141016,2.03E-04,5.44E+08
0.001116211,1.78E-04,5.44E+08
0.001240234,2.54E-04,5.41E+08
0.00121543,2.29E-04,5.42E+08
0.001190625,2.03E-04,5.43E+08
0.00116582,1.78E-04,5.43E+08
0.001265039,2.29E-04,5.41E+08
0.001240234,2.03E-04,5.42E+08
0.00121543,1.78E-04,5.42E+08
0.001289844,2.03E-04,5.40E+08
0.001265039,1.78E-04,5.41E+08
0.001314648,1.78E-04,5.40E+08
0.001041797,2.03E-04,5.46E+08
0.001066602,2.29E-04,5.45E+08
0.001091406,2.54E-04,5.44E+08
0.001116211,2.79E-04,5.44E+08
0.001141016,3.05E-04,5.43E+08
0.001016992,2.29E-04,5.46E+08
0.001041797,2.54E-04,5.45E+08
0.001066602,2.79E-04,5.45E+08
0.001091406,3.05E-04,5.44E+08
9.92E-04,2.54E-04,5.47E+08
0.001016992,2.79E-04,5.46E+08
0.001041797,3.05E-04,5.45E+08
9.67E-04,2.79E-04,5.47E+08
9.92E-04,3.05E-04,5.47E+08
9.43E-04,3.05E-04,5.48E+08
0.001364258,1.27E-04,5.39E+08
0.001339453,1.02E-04,5.39E+08
0.001314648,7.62E-05,5.40E+08
0.001289844,5.08E-05,5.40E+08
0.001265039,2.54E-05,5.41E+08
0.001240234,-6.00E-15,5.41E+08
0.001389062,1.02E-04,5.38E+08
0.001364258,7.62E-05,5.39E+08
0.001339453,5.08E-05,5.39E+08
0.001314648,2.54E-05,5.40E+08
0.001289844,-6.00E-15,5.40E+08
0.001413867,7.62E-05,5.38E+08
0.001389062,5.08E-05,5.38E+08
0.001364258,2.54E-05,5.39E+08
0.001339453,-6.00E-15,5.39E+08
0.001438672,5.08E-05,5.38E+08
0.001413867,2.54E-05,5.38E+08
0.001389062,-6.00E-15,5.38E+08
0.001463477,2.54E-05,5.37E+08
0.001438672,-6.00E-15,5.38E+08
0.001488281,-6.00E-15,5.37E+08
0.001513086,2.54E-05,5.36E+08
0.001537891,5.08E-05,5.36E+08
0.001562695,7.62E-05,5.36E+08
0.0015875,1.02E-04,5.35E+08
0.001612305,1.27E-04,5.35E+08
0.001637109,1.52E-04,5.34E+08
0.001488281,5.08E-05,5.37E+08
0.001513086,7.62E-05,5.36E+08
0.001537891,1.02E-04,5.36E+08
0.001562695,1.27E-04,5.36E+08
0.0015875,1.52E-04,5.35E+08
0.001463477,7.62E-05,5.37E+08
0.001488281,1.02E-04,5.37E+08
0.001513086,1.27E-04,5.37E+08
0.001537891,1.52E-04,5.36E+08
0.001438672,1.02E-04,5.38E+08
0.001463477,1.27E-04,5.37E+08
0.001488281,1.52E-04,5.37E+08
0.001413867,1.27E-04,5.38E+08
0.001438672,1.52E-04,5.38E+08
0.001389062,1.52E-04,5.39E+08
0.001364258,1.78E-04,5.39E+08
0.001389062,2.03E-04,5.38E+08
0.001413867,2.29E-04,5.38E+08
0.001438672,2.54E-04,5.38E+08
0.001463477,2.79E-04,5.37E+08
0.001488281,3.05E-04,5.37E+08
0.001339453,2.03E-04,5.39E+08
0.001364258,2.29E-04,5.39E+08
0.001389062,2.54E-04,5.38E+08
0.001413867,2.79E-04,5.38E+08
0.001438672,3.05E-04,5.38E+08
0.001314648,2.29E-04,5.40E+08
0.001339453,2.54E-04,5.39E+08
0.001364258,2.79E-04,5.39E+08
0.001389062,3.05E-04,5.38E+08
0.001289844,2.54E-04,5.40E+08
0.001314648,2.79E-04,5.40E+08
0.001339453,3.05E-04,5.39E+08
0.001265039,2.79E-04,5.41E+08
0.001289844,3.05E-04,5.40E+08
0.001240234,3.05E-04,5.41E+08
0.001513086,2.79E-04,5.36E+08
0.001488281,2.54E-04,5.37E+08
0.001463477,2.29E-04,5.37E+08
0.001438672,2.03E-04,5.38E+08
0.001413867,1.78E-04,5.38E+08
0.001537891,2.54E-04,5.36E+08
0.001513086,2.29E-04,5.36E+08
0.001488281,2.03E-04,5.37E+08
0.001463477,1.78E-04,5.37E+08
0.001562695,2.29E-04,5.36E+08
0.001537891,2.03E-04,5.36E+08
0.001513086,1.78E-04,5.37E+08
0.0015875,2.03E-04,5.35E+08
0.001562695,1.78E-04,5.36E+08
0.001612305,1.78E-04,5.35E+08
0.001661914,1.27E-04,5.34E+08
0.001637109,1.02E-04,5.34E+08
0.001612305,7.62E-05,5.35E+08
0.0015875,5.08E-05,5.35E+08
0.001562695,2.54E-05,5.36E+08
0.001537891,-6.00E-15,5.36E+08
0.001686719,1.02E-04,5.34E+08
0.001661914,7.62E-05,5.34E+08
0.001637109,5.08E-05,5.34E+08
0.001612305,2.54E-05,5.35E+08
0.0015875,-6.00E-15,5.35E+08
0.001711523,7.62E-05,5.33E+08
0.001686719,5.08E-05,5.34E+08
0.001661914,2.54E-05,5.34E+08
0.001637109,-6.00E-15,5.34E+08
0.001736328,5.08E-05,5.33E+08
0.001711523,2.54E-05,5.33E+08
0.001686719,-6.00E-15,5.34E+08
0.001761133,2.54E-05,5.32E+08
0.001736328,-6.00E-15,5.33E+08
0.001785937,-6.00E-15,5.32E+08
0.001810742,2.54E-05,5.32E+08
0.001835547,5.08E-05,5.32E+08
0.001860352,7.62E-05,5.31E+08
0.001885156,1.02E-04,5.31E+08
0.001909961,1.27E-04,5.31E+08
0.001934766,1.52E-04,5.30E+08
0.001785937,5.08E-05,5.32E+08
0.001810742,7.62E-05,5.32E+08
0.001835547,1.02E-04,5.32E+08
0.001860352,1.27E-04,5.31E+08
0.001885156,1.52E-04,5.31E+08
0.001761133,7.62E-05,5.33E+08
0.001785937,1.02E-04,5.32E+08
0.001810742,1.27E-04,5.32E+08
0.001835547,1.52E-04,5.32E+08
0.001736328,1.02E-04,5.33E+08
0.001761133,1.27E-04,5.33E+08
0.001785937,1.52E-04,5.32E+08
0.001711523,1.27E-04,5.33E+08
0.001736328,1.52E-04,5.33E+08
0.001686719,1.52E-04,5.34E+08
0.001785937,3.05E-04,5.32E+08
0.001761133,2.79E-04,5.32E+08
0.001736328,2.54E-04,5.33E+08
0.001711523,2.29E-04,5.33E+08
0.001686719,2.03E-04,5.33E+08
0.001661914,1.78E-04,5.34E+08
0.001810742,2.79E-04,5.32E+08
0.001785937,2.54E-04,5.32E+08
0.001761133,2.29E-04,5.33E+08
0.001736328,2.03E-04,5.33E+08
0.001711523,1.78E-04,5.33E+08
0.001835547,2.54E-04,5.32E+08
0.001810742,2.29E-04,5.32E+08
0.001785937,2.03E-04,5.32E+08
0.001761133,1.78E-04,5.33E+08
0.001860352,2.29E-04,5.31E+08
0.001835547,2.03E-04,5.32E+08
0.001810742,1.78E-04,5.32E+08
0.001885156,2.03E-04,5.31E+08
0.001860352,1.78E-04,5.31E+08
0.001909961,1.78E-04,5.31E+08
0.001637109,2.03E-04,5.34E+08
0.001661914,2.29E-04,5.34E+08
0.001686719,2.54E-04,5.33E+08
0.001711523,2.79E-04,5.33E+08
0.001736328,3.05E-04,5.33E+08
0.001612305,2.29E-04,5.35E+08
0.001637109,2.54E-04,5.34E+08
0.001661914,2.79E-04,5.34E+08
0.001686719,3.05E-04,5.33E+08
0.0015875,2.54E-04,5.35E+08
0.001612305,2.79E-04,5.35E+08
0.001637109,3.05E-04,5.34E+08
0.001562695,2.79E-04,5.35E+08
0.0015875,3.05E-04,5.35E+08
0.001537891,3.05E-04,5.36E+08
0.00195957,1.27E-04,5.30E+08
0.001934766,1.02E-04,5.30E+08
0.001909961,7.62E-05,5.31E+08
0.001885156,5.08E-05,5.31E+08
0.001860352,2.54E-05,5.31E+08
0.001835547,-6.00E-15,5.32E+08
0.001984375,1.02E-04,5.30E+08
0.00195957,7.62E-05,5.30E+08
0.001934766,5.08E-05,5.30E+08
0.001909961,2.54E-05,5.31E+08
0.001885156,-6.00E-15,5.31E+08
0.00200918,7.62E-05,5.29E+08
0.001984375,5.08E-05,5.30E+08
0.00195957,2.54E-05,5.30E+08
0.001934766,-6.00E-15,5.30E+08
0.002033984,5.08E-05,5.29E+08
0.00200918,2.54E-05,5.29E+08
0.001984375,-6.00E-15,5.30E+08
0.002058789,2.54E-05,5.29E+08
0.002033984,-6.00E-15,5.29E+08
0.002083594,-6.00E-15,5.28E+08
0.002108398,2.54E-05,5.28E+08
0.002133203,5.08E-05,5.28E+08
0.002158008,7.62E-05,5.27E+08
0.002182812,1.02E-04,5.27E+08
0.002207617,1.27E-04,5.27E+08
0.002232422,1.52E-04,5.26E+08
0.002083594,5.08E-05,5.29E+08
0.002108398,7.62E-05,5.28E+08
0.002133203,1.02E-04,5.28E+08
0.002158008,1.27E-04,5.28E+08
0.002182812,1.52E-04,5.27E+08
0.002058789,7.62E-05,5.29E+08
0.002083594,1.02E-04,5.29E+08
0.002108398,1.27E-04,5.28E+08
0.002133203,1.52E-04,5.28E+08
0.002033984,1.02E-04,5.29E+08
0.002058789,1.27E-04,5.29E+08
0.002083594,1.52E-04,5.29E+08
0.00200918,1.27E-04,5.29E+08
0.002033984,1.52E-04,5.29E+08
0.001984375,1.52E-04,5.30E+08
0.00195957,1.78E-04,5.30E+08
0.001984375,2.03E-04,5.30E+08
0.00200918,2.29E-04,5.29E+08
0.002033984,2.54E-04,5.29E+08
0.002058789,2.79E-04,5.29E+08
0.002083594,3.05E-04,5.28E+08
0.001934766,2.03E-04,5.30E+08
0.00195957,2.29E-04,5.30E+08
0.001984375,2.54E-04,5.30E+08
0.00200918,2.79E-04,5.29E+08
0.002033984,3.05E-04,5.29E+08
0.001909961,2.29E-04,5.31E+08
0.001934766,2.54E-04,5.30E+08
0.00195957,2.79E-04,5.30E+08
0.001984375,3.05E-04,5.30E+08
0.001885156,2.54E-04,5.31E+08
0.001909961,2.79E-04,5.31E+08
0.001934766,3.05E-04,5.30E+08
0.001860352,2.79E-04,5.31E+08
0.001885156,3.05E-04,5.31E+08
0.001835547,3.05E-04,5.32E+08
0.002108398,2.79E-04,5.28E+08
0.002083594,2.54E-04,5.28E+08
0.002058789,2.29E-04,5.29E+08
0.002033984,2.03E-04,5.29E+08
0.00200918,1.78E-04,5.29E+08
0.002133203,2.54E-04,5.28E+08
0.002108398,2.29E-04,5.28E+08
0.002083594,2.03E-04,5.28E+08
0.002058789,1.78E-04,5.29E+08
0.002158008,2.29E-04,5.27E+08
0.002133203,2.03E-04,5.28E+08
0.002108398,1.78E-04,5.28E+08
0.002182812,2.03E-04,5.27E+08
0.002158008,1.78E-04,5.28E+08
0.002207617,1.78E-04,5.27E+08
0.002257227,1.27E-04,5.26E+08
0.002232422,1.02E-04,5.26E+08
0.002207617,7.62E-05,5.27E+08
0.002182812,5.08E-05,5.27E+08
0.002158008,2.54E-05,5.27E+08
0.002133203,-6.00E-15,5.28E+08
0.002282031,1.02E-04,5.26E+08
0.002257227,7.62E-05,5.26E+08
0.002232422,5.08E-05,5.26E+08
0.002207617,2.54E-05,5.27E+08
0.002182812,-6.00E-15,5.27E+08
0.002306836,7.62E-05,5.26E+08
0.002282031,5.08E-05,5.26E+08
0.002257227,2.54E-05,5.26E+08
0.002232422,-6.00E-15,5.26E+08
0.002331641,5.08E-05,5.25E+08
0.002306836,2.54E-05,5.26E+08
0.002282031,-6.00E-15,5.26E+08
0.002356445,2.54E-05,5.25E+08
0.002331641,-6.00E-15,5.25E+08
0.00238125,-6.00E-15,5.25E+08
0.002406055,2.54E-05,5.25E+08
0.002430859,5.08E-05,5.25E+08
0.002455664,7.62E-05,5.24E+08
0.002480469,1.02E-04,5.24E+08
0.002505273,1.27E-04,5.24E+08
0.002530078,1.52E-04,5.24E+08
0.00238125,5.08E-05,5.25E+08
0.002406055,7.62E-05,5.25E+08
0.002430859,1.02E-04,5.25E+08
0.002455664,1.27E-04,5.24E+08
0.002480469,1.52E-04,5.24E+08
0.002356445,7.62E-05,5.25E+08
0.00238125,1.02E-04,5.25E+08
0.002406055,1.27E-04,5.25E+08
0.002430859,1.52E-04,5.25E+08
0.002331641,1.02E-04,5.26E+08
0.002356445,1.27E-04,5.25E+08
0.00238125,1.52E-04,5.25E+08
0.002306836,1.27E-04,5.26E+08
0.002331641,1.52E-04,5.26E+08
0.002282031,1.52E-04,5.26E+08
0.002257227,1.78E-04,5.26E+08
0.002282031,2.03E-04,5.26E+08
0.002306836,2.29E-04,5.26E+08
0.002331641,2.54E-04,5.25E+08
0.002356445,2.79E-04,5.25E+08
0.00238125,3.05E-04,5.25E+08
0.002232422,2.03E-04,5.26E+08
0.002257227,2.29E-04,5.26E+08
0.002282031,2.54E-04,5.26E+08
0.002306836,2.79E-04,5.26E+08
0.002331641,3.05E-04,5.25E+08
0.002207617,2.29E-04,5.27E+08
0.002232422,2.54E-04,5.26E+08
0.002257227,2.79E-04,5.26E+08
0.002282031,3.05E-04,5.26E+08
0.002182812,2.54E-04,5.27E+08
0.002207617,2.79E-04,5.27E+08
0.002232422,3.05E-04,5.26E+08
0.002158008,2.79E-04,5.27E+08
0.002182812,3.05E-04,5.27E+08
0.002133203,3.05E-04,5.27E+08
0.002406055,2.79E-04,5.25E+08
0.00238125,2.54E-04,5.25E+08
0.002356445,2.29E-04,5.25E+08
0.002331641,2.03E-04,5.26E+08
0.002306836,1.78E-04,5.26E+08
0.002430859,2.54E-04,5.25E+08
0.002406055,2.29E-04,5.25E+08
0.00238125,2.03E-04,5.25E+08
0.002356445,1.78E-04,5.25E+08
0.002455664,2.29E-04,5.24E+08
0.002430859,2.03E-04,5.25E+08
0.002406055,1.78E-04,5.25E+08
0.002480469,2.03E-04,5.24E+08
0.002455664,1.78E-04,5.24E+08
0.002505273,1.78E-04,5.24E+08
0.002554883,1.27E-04,5.24E+08
0.002530078,1.02E-04,5.24E+08
0.002505273,7.62E-05,5.24E+08
0.002480469,5.08E-05,5.24E+08
0.002455664,2.54E-05,5.24E+08
0.002430859,-6.00E-15,5.25E+08
0.002579687,1.02E-04,5.23E+08
0.002554883,7.62E-05,5.24E+08
0.002530078,5.08E-05,5.24E+08
0.002505273,2.54E-05,5.24E+08
0.002480469,-6.00E-15,5.24E+08
0.002604492,7.62E-05,5.23E+08
0.002579687,5.08E-05,5.23E+08
0.002554883,2.54E-05,5.24E+08
0.002530078,-6.00E-15,5.24E+08
0.002629297,5.08E-05,5.23E+08
0.002604492,2.54E-05,5.23E+08
0.002579687,-6.00E-15,5.23E+08
0.002654102,2.54E-05,5.23E+08
0.002629297,-6.00E-15,5.23E+08
0.002678906,-6.00E-15,5.23E+08
0.002703711,2.54E-05,5.22E+08
0.002728516,5.08E-05,5.22E+08
0.00275332,7.62E-05,5.22E+08
0.002778125,1.02E-04,5.22E+08
0.00280293,1.27E-04,5.22E+08
0.002827734,1.52E-04,5.21E+08
0.002678906,5.08E-05,5.23E+08
0.002703711,7.62E-05,5.23E+08
0.002728516,1.02E-04,5.22E+08
0.00275332,1.27E-04,5.22E+08
0.002778125,1.52E-04,5.22E+08
0.002654102,7.62E-05,5.23E+08
0.002678906,1.02E-04,5.23E+08
0.002703711,1.27E-04,5.23E+08
0.002728516,1.52E-04,5.22E+08
0.002629297,1.02E-04,5.23E+08
0.002654102,1.27E-04,5.23E+08
0.002678906,1.52E-04,5.23E+08
0.002604492,1.27E-04,5.23E+08
0.002629297,1.52E-04,5.23E+08
0.002579687,1.52E-04,5.24E+08
0.002554883,1.78E-04,5.24E+08
0.002579687,2.03E-04,5.23E+08
0.002604492,2.29E-04,5.23E+08
0.002629297,2.54E-04,5.23E+08
0.002654102,2.79E-04,5.23E+08
0.002678906,3.05E-04,5.22E+08
0.002530078,2.03E-04,5.24E+08
0.002554883,2.29E-04,5.24E+08
0.002579687,2.54E-04,5.23E+08
0.002604492,2.79E-04,5.23E+08
0.002629297,3.05E-04,5.23E+08
0.002505273,2.29E-04,5.24E+08
0.002530078,2.54E-04,5.24E+08
0.002554883,2.79E-04,5.24E+08
0.002579687,3.05E-04,5.23E+08
0.002480469,2.54E-04,5.24E+08
0.002505273,2.79E-04,5.24E+08
0.002530078,3.05E-04,5.24E+08
0.002455664,2.79E-04,5.24E+08
0.002480469,3.05E-04,5.24E+08
0.002430859,3.05E-04,5.25E+08
0.002703711,2.79E-04,5.22E+08
0.002678906,2.54E-04,5.23E+08
0.002654102,2.29E-04,5.23E+08
0.002629297,2.03E-04,5.23E+08
0.002604492,1.78E-04,5.23E+08
0.002728516,2.54E-04,5.22E+08
0.002703711,2.29E-04,5.22E+08
0.002678906,2.03E-04,5.23E+08
0.002654102,1.78E-04,5.23E+08
0.00275332,2.29E-04,5.22E+08
0.002728516,2.03E-04,5.22E+08
0.002703711,1.78E-04,5.22E+08
0.002778125,2.03E-04,5.22E+08
0.00275332,1.78E-04,5.22E+08
0.00280293,1.78E-04,5.21E+08
0.002852539,1.27E-04,5.21E+08
0.002827734,1.02E-04,5.21E+08
0.00280293,7.62E-05,5.21E+08
0.002778125,5.08E-05,5.22E+08
0.00275332,2.54E-05,5.22E+08
0.002728516,-6.00E-15,5.22E+08
0.002877344,1.02E-04,5.21E+08
0.002852539,7.62E-05,5.21E+08
0.002827734,5.08E-05,5.21E+08
0.00280293,2.54E-05,5.22E+08
0.002778125,-6.00E-15,5.22E+08
0.002902148,7.62E-05,5.21E+08
0.002877344,5.08E-05,5.21E+08
0.002852539,2.54E-05,5.21E+08
0.002827734,-6.00E-15,5.21E+08
0.002926953,5.08E-05,5.21E+08
0.002902148,2.54E-05,5.21E+08
0.002877344,-6.00E-15,5.21E+08
0.002951758,2.54E-05,5.21E+08
0.002926953,-6.00E-15,5.21E+08
0.002976562,-6.00E-15,5.21E+08
0.003001367,2.54E-05,5.21E+08
0.003026172,5.08E-05,5.20E+08
0.003050977,7.62E-05,5.20E+08
0.003075781,1.02E-04,5.20E+08
0.003100586,1.27E-04,5.20E+08
0.003125391,1.52E-04,5.20E+08
0.002976562,5.08E-05,5.21E+08
0.003001367,7.62E-05,5.21E+08
0.003026172,1.02E-04,5.21E+08
0.003050977,1.27E-04,5.20E+08
0.003075781,1.52E-04,5.20E+08
0.002951758,7.62E-05,5.21E+08
0.002976562,1.02E-04,5.21E+08
0.003001367,1.27E-04,5.21E+08
0.003026172,1.52E-04,5.21E+08
0.002926953,1.02E-04,5.21E+08
0.002951758,1.27E-04,5.21E+08
0.002976562,1.52E-04,5.21E+08
0.002902148,1.27E-04,5.21E+08
0.002926953,1.52E-04,5.21E+08
0.002877344,1.52E-04,5.21E+08
0.002852539,1.78E-04,5.21E+08
0.002877344,2.03E-04,5.21E+08
0.002902148,2.29E-04,5.21E+08
0.002926953,2.54E-04,5.21E+08
0.002951758,2.79E-04,5.21E+08
0.002976562,3.05E-04,5.21E+08
0.002827734,2.03E-04,5.21E+08
0.002852539,2.29E-04,5.21E+08
0.002877344,2.54E-04,5.21E+08
0.002902148,2.79E-04,5.21E+08
0.002926953,3.05E-04,5.21E+08
0.00280293,2.29E-04,5.21E+08
0.002827734,2.54E-04,5.21E+08
0.002852539,2.79E-04,5.21E+08
0.002877344,3.05E-04,5.21E+08
0.002778125,2.54E-04,5.22E+08
0.00280293,2.79E-04,5.21E+08
0.002827734,3.05E-04,5.21E+08
0.00275332,2.79E-04,5.22E+08
0.002778125,3.05E-04,5.22E+08
0.002728516,3.05E-04,5.22E+08
0.003001367,2.79E-04,5.20E+08
0.002976562,2.54E-04,5.21E+08
0.002951758,2.29E-04,5.21E+08
0.002926953,2.03E-04,5.21E+08
0.002902148,1.78E-04,5.21E+08
0.003026172,2.54E-04,5.20E+08
0.003001367,2.29E-04,5.21E+08
0.002976562,2.03E-04,5.21E+08
0.002951758,1.78E-04,5.21E+08
0.003050977,2.29E-04,5.20E+08
0.003026172,2.03E-04,5.21E+08
0.003001367,1.78E-04,5.21E+08
0.003075781,2.03E-04,5.20E+08
0.003050977,1.78E-04,5.20E+08
0.003100586,1.78E-04,5.20E+08
0.003150195,1.27E-04,5.20E+08
0.003125391,1.02E-04,5.20E+08
0.003100586,7.62E-05,5.20E+08
0.003075781,5.08E-05,5.20E+08
0.003050977,2.54E-05,5.20E+08
0.003026172,-6.00E-15,5.20E+08
0.003175,1.02E-04,5.20E+08
0.003150195,7.62E-05,5.20E+08
0.003125391,5.08E-05,5.20E+08
0.003100586,2.54E-05,5.20E+08
0.003075781,-6.00E-15,5.20E+08
0.003199805,7.62E-05,5.19E+08
0.003175,5.08E-05,5.20E+08
0.003150195,2.54E-05,5.20E+08
0.003125391,-6.00E-15,5.20E+08
0.003224609,5.08E-05,5.19E+08
0.003199805,2.54E-05,5.20E+08
0.003175,-6.00E-15,5.20E+08
0.003249414,2.54E-05,5.19E+08
0.003224609,-6.00E-15,5.19E+08
0.003274219,-6.00E-15,5.19E+08
0.003299023,2.54E-05,5.19E+08
0.003323828,5.08E-05,5.19E+08
0.003348633,7.62E-05,5.19E+08
0.003373437,1.02E-04,5.19E+08
0.003398242,1.27E-04,5.19E+08
0.003423047,1.52E-04,5.19E+08
0.003274219,5.08E-05,5.19E+08
0.003299023,7.62E-05,5.19E+08
0.003323828,1.02E-04,5.19E+08
0.003348633,1.27E-04,5.19E+08
0.003373437,1.52E-04,5.19E+08
0.003249414,7.62E-05,5.19E+08
0.003274219,1.02E-04,5.19E+08
0.003299023,1.27E-04,5.19E+08
0.003323828,1.52E-04,5.19E+08
0.003224609,1.02E-04,5.19E+08
0.003249414,1.27E-04,5.19E+08
0.003274219,1.52E-04,5.19E+08
0.003199805,1.27E-04,5.19E+08
0.003224609,1.52E-04,5.19E+08
0.003175,1.52E-04,5.20E+08
0.003274219,3.05E-04,5.19E+08
0.003249414,2.79E-04,5.19E+08
0.003224609,2.54E-04,5.19E+08
0.003199805,2.29E-04,5.19E+08
0.003175,2.03E-04,5.20E+08
0.003150195,1.78E-04,5.20E+08
0.003299023,2.79E-04,5.19E+08
0.003274219,2.54E-04,5.19E+08
0.003249414,2.29E-04,5.19E+08
0.003224609,2.03E-04,5.19E+08
0.003199805,1.78E-04,5.19E+08
0.003323828,2.54E-04,5.19E+08
0.003299023,2.29E-04,5.19E+08
0.003274219,2.03E-04,5.19E+08
0.003249414,1.78E-04,5.19E+08
0.003348633,2.29E-04,5.19E+08
0.003323828,2.03E-04,5.19E+08
0.003299023,1.78E-04,5.19E+08
0.003373437,2.03E-04,5.19E+08
0.003348633,1.78E-04,5.19E+08
0.003398242,1.78E-04,5.19E+08
0.003125391,2.03E-04,5.20E+08
0.003150195,2.29E-04,5.20E+08
0.003175,2.54E-04,5.19E+08
0.003199805,2.79E-04,5.19E+08
0.003224609,3.05E-04,5.19E+08
0.003100586,2.29E-04,5.20E+08
0.003125391,2.54E-04,5.20E+08
0.003150195,2.79E-04,5.20E+08
0.003175,3.05E-04,5.19E+08
0.003075781,2.54E-04,5.20E+08
0.003100586,2.79E-04,5.20E+08
0.003125391,3.05E-04,5.20E+08
0.003050977,2.79E-04,5.20E+08
0.003075781,3.05E-04,5.20E+08
0.003026172,3.05E-04,5.20E+08
0.003447852,1.27E-04,5.19E+08
0.003423047,1.02E-04,5.19E+08
0.003398242,7.62E-05,5.19E+08
0.003373437,5.08E-05,5.19E+08
0.003348633,2.54E-05,5.19E+08
0.003323828,-6.00E-15,5.19E+08
0.003472656,1.02E-04,5.19E+08
0.003447852,7.62E-05,5.19E+08
0.003423047,5.08E-05,5.19E+08
0.003398242,2.54E-05,5.19E+08
0.003373437,-6.00E-15,5.19E+08
0.003497461,7.62E-05,5.19E+08
0.003472656,5.08E-05,5.19E+08
0.003447852,2.54E-05,5.19E+08
0.003423047,-6.00E-15,5.19E+08
0.003522266,5.08E-05,5.18E+08
0.003497461,2.54E-05,5.19E+08
0.003472656,-6.00E-15,5.19E+08
0.00354707,2.54E-05,5.18E+08
0.003522266,-6.00E-15,5.19E+08
0.003571875,-6.00E-15,5.18E+08
0.00359668,2.54E-05,5.18E+08
0.003621484,5.08E-05,5.18E+08
0.003646289,7.62E-05,5.18E+08
0.003671094,1.02E-04,5.18E+08
0.003695898,1.27E-04,5.18E+08
0.003720703,1.52E-04,5.18E+08
0.003571875,5.08E-05,5.18E+08
0.00359668,7.62E-05,5.18E+08
0.003621484,1.02E-04,5.18E+08
0.003646289,1.27E-04,5.18E+08
0.003671094,1.52E-04,5.18E+08
0.00354707,7.62E-05,5.18E+08
0.003571875,1.02E-04,5.18E+08
0.00359668,1.27E-04,5.18E+08
0.003621484,1.52E-04,5.18E+08
0.003522266,1.02E-04,5.18E+08
0.00354707,1.27E-04,5.18E+08
0.003571875,1.52E-04,5.18E+08
0.003497461,1.27E-04,5.18E+08
0.003522266,1.52E-04,5.18E+08
0.003472656,1.52E-04,5.19E+08
0.003447852,1.78E-04,5.19E+08
0.003472656,2.03E-04,5.19E+08
0.003497461,2.29E-04,5.18E+08
0.003522266,2.54E-04,5.18E+08
0.00354707,2.79E-04,5.18E+08
0.003571875,3.05E-04,5.18E+08
0.003423047,2.03E-04,5.19E+08
0.003447852,2.29E-04,5.19E+08
0.003472656,2.54E-04,5.18E+08
0.003497461,2.79E-04,5.18E+08
0.003522266,3.05E-04,5.18E+08
0.003398242,2.29E-04,5.19E+08
0.003423047,2.54E-04,5.19E+08
0.003447852,2.79E-04,5.19E+08
0.003472656,3.05E-04,5.18E+08
0.003373437,2.54E-04,5.19E+08
0.003398242,2.79E-04,5.19E+08
0.003423047,3.05E-04,5.19E+08
0.003348633,2.79E-04,5.19E+08
0.003373437,3.05E-04,5.19E+08
0.003323828,3.05E-04,5.19E+08
0.00359668,2.79E-04,5.18E+08
0.003571875,2.54E-04,5.18E+08
0.00354707,2.29E-04,5.18E+08
0.003522266,2.03E-04,5.18E+08
0.003497461,1.78E-04,5.18E+08
0.003621484,2.54E-04,5.18E+08
0.00359668,2.29E-04,5.18E+08
0.003571875,2.03E-04,5.18E+08
0.00354707,1.78E-04,5.18E+08
0.003646289,2.29E-04,5.18E+08
0.003621484,2.03E-04,5.18E+08
0.00359668,1.78E-04,5.18E+08
0.003671094,2.03E-04,5.18E+08
0.003646289,1.78E-04,5.18E+08
0.003695898,1.78E-04,5.18E+08
0.003745508,1.27E-04,5.18E+08
0.003720703,1.02E-04,5.18E+08
0.003695898,7.62E-05,5.18E+08
0.003671094,5.08E-05,5.18E+08
0.003646289,2.54E-05,5.18E+08
0.003621484,-6.00E-15,5.18E+08
0.003770312,1.02E-04,5.18E+08
0.003745508,7.62E-05,5.18E+08
0.003720703,5.08E-05,5.18E+08
0.003695898,2.54E-05,5.18E+08
0.003671094,-6.00E-15,5.18E+08
0.003795117,7.62E-05,5.18E+08
0.003770312,5.08E-05,5.18E+08
0.003745508,2.54E-05,5.18E+08
0.003720703,-6.01E-15,5.18E+08
0.003819922,5.08E-05,5.18E+08
0.003795117,2.54E-05,5.18E+08
0.003770312,-6.01E-15,5.18E+08
0.003844727,2.54E-05,5.18E+08
0.003819922,-6.01E-15,5.18E+08
0.003869531,-6.01E-15,5.18E+08
0.003894336,2.54E-05,5.18E+08
0.003919141,5.08E-05,5.18E+08
0.003943945,7.62E-05,5.18E+08
0.00396875,1.02E-04,5.18E+08
0.003993555,1.27E-04,5.18E+08
0.004018359,1.52E-04,5.18E+08
0.003869531,5.08E-05,5.18E+08
0.003894336,7.62E-05,5.18E+08
0.003919141,1.02E-04,5.18E+08
0.003943945,1.27E-04,5.18E+08
0.00396875,1.52E-04,5.18E+08
0.003844727,7.62E-05,5.18E+08
0.003869531,1.02E-04,5.18E+08
0.003894336,1.27E-04,5.18E+08
0.003919141,1.52E-04,5.18E+08
0.003819922,1.02E-04,5.18E+08
0.003844727,1.27E-04,5.18E+08
0.003869531,1.52E-04,5.18E+08
0.003795117,1.27E-04,5.18E+08
0.003819922,1.52E-04,5.18E+08
0.003770312,1.52E-04,5.18E+08
0.003869531,3.05E-04,5.18E+08
0.003844727,2.79E-04,5.18E+08
0.003819922,2.54E-04,5.18E+08
0.003795117,2.29E-04,5.18E+08
0.003770312,2.03E-04,5.18E+08
0.003745508,1.78E-04,5.18E+08
0.003894336,2.79E-04,5.18E+08
0.003869531,2.54E-04,5.18E+08
0.003844727,2.29E-04,5.18E+08
0.003819922,2.03E-04,5.18E+08
0.003795117,1.78E-04,5.18E+08
0.003919141,2.54E-04,5.18E+08
0.003894336,2.29E-04,5.18E+08
0.003869531,2.03E-04,5.18E+08
0.003844727,1.78E-04,5.18E+08
0.003943945,2.29E-04,5.18E+08
0.003919141,2.03E-04,5.18E+08
0.003894336,1.78E-04,5.18E+08
0.00396875,2.03E-04,5.18E+08
0.003943945,1.78E-04,5.18E+08
0.003993555,1.78E-04,5.18E+08
0.003720703,2.03E-04,5.18E+08
0.003745508,2.29E-04,5.18E+08
0.003770312,2.54E-04,5.18E+08
0.003795117,2.79E-04,5.18E+08
0.003819922,3.05E-04,5.18E+08
0.003695898,2.29E-04,5.18E+08
0.003720703,2.54E-04,5.18E+08
0.003745508,2.79E-04,5.18E+08
0.003770312,3.05E-04,5.18E+08
0.003671094,2.54E-04,5.18E+08
0.003695898,2.79E-04,5.18E+08
0.003720703,3.05E-04,5.18E+08
0.003646289,2.79E-04,5.18E+08
0.003671094,3.05E-04,5.18E+08
0.003621484,3.05E-04,5.18E+08
0.004043164,1.27E-04,5.18E+08
0.004018359,1.02E-04,5.18E+08
0.003993555,7.62E-05,5.18E+08
0.00396875,5.08E-05,5.18E+08
0.003943945,2.54E-05,5.18E+08
0.003919141,-6.01E-15,5.18E+08
0.004067969,1.02E-04,5.17E+08
0.004043164,7.62E-05,5.17E+08
0.004018359,5.08E-05,5.18E+08
0.003993555,2.54E-05,5.18E+08
0.00396875,-6.01E-15,5.18E+08
0.004092773,7.62E-05,5.17E+08
0.004067969,5.08E-05,5.17E+08
0.004043164,2.54E-05,5.17E+08
0.004018359,-6.01E-15,5.17E+08
0.004117578,5.08E-05,5.17E+08
0.004092773,2.54E-05,5.17E+08
0.004067969,-6.01E-15,5.17E+08
0.004142383,2.54E-05,5.17E+08
0.004117578,-6.01E-15,5.17E+08
0.004167187,-6.01E-15,5.17E+08
0.004191992,2.54E-05,5.17E+08
0.004216797,5.08E-05,5.17E+08
0.004241602,7.62E-05,5.17E+08
0.004266406,1.02E-04,5.17E+08
0.004291211,1.27E-04,5.17E+08
0.004316016,1.52E-04,5.17E+08
0.004167187,5.08E-05,5.17E+08
0.004191992,7.62E-05,5.17E+08
0.004216797,1.02E-04,5.17E+08
0.004241602,1.27E-04,5.17E+08
0.004266406,1.52E-04,5.17E+08
0.004142383,7.62E-05,5.17E+08
0.004167187,1.02E-04,5.17E+08
0.004191992,1.27E-04,5.17E+08
0.004216797,1.52E-04,5.17E+08
0.004117578,1.02E-04,5.18E+08
0.004142383,1.27E-04,5.17E+08
0.004167187,1.52E-04,5.17E+08
0.004092773,1.27E-04,5.18E+08
0.004117578,1.52E-04,5.18E+08
0.004067969,1.52E-04,5.18E+08
0.004043164,1.78E-04,5.18E+08
0.004067969,2.03E-04,5.17E+08
0.004092773,2.29E-04,5.17E+08
0.004117578,2.54E-04,5.17E+08
0.004142383,2.79E-04,5.17E+08
0.004167187,3.05E-04,5.17E+08
0.004018359,2.03E-04,5.17E+08
0.004043164,2.29E-04,5.17E+08
0.004067969,2.54E-04,5.17E+08
0.004092773,2.79E-04,5.17E+08
0.004117578,3.05E-04,5.17E+08
0.003993555,2.29E-04,5.18E+08
0.004018359,2.54E-04,5.17E+08
0.004043164,2.79E-04,5.17E+08
0.004067969,3.05E-04,5.17E+08
0.00396875,2.54E-04,5.18E+08
0.003993555,2.79E-04,5.17E+08
0.004018359,3.05E-04,5.17E+08
0.003943945,2.79E-04,5.18E+08
0.00396875,3.05E-04,5.18E+08
0.003919141,3.05E-04,5.18E+08
0.004191992,2.79E-04,5.17E+08
0.004167187,2.54E-04,5.17E+08
0.004142383,2.29E-04,5.17E+08
0.004117578,2.03E-04,5.17E+08
0.004092773,1.78E-04,5.17E+08
0.004216797,2.54E-04,5.17E+08
0.004191992,2.29E-04,5.17E+08
0.004167187,2.03E-04,5.17E+08
0.004142383,1.78E-04,5.17E+08
0.004241602,2.29E-04,5.17E+08
0.004216797,2.03E-04,5.17E+08
0.004191992,1.78E-04,5.17E+08
0.004266406,2.03E-04,5.17E+08
0.004241602,1.78E-04,5.17E+08
0.004291211,1.78E-04,5.17E+08
0.00434082,1.27E-04,5.17E+08
0.004316016,1.02E-04,5.17E+08
0.004291211,7.62E-05,5.17E+08
0.004266406,5.08E-05,5.17E+08
0.004241602,2.54E-05,5.17E+08
0.004216797,-6.01E-15,5.17E+08
0.004365625,1.02E-04,5.17E+08
0.00434082,7.62E-05,5.17E+08
0.004316016,5.08E-05,5.17E+08
0.004291211,2.54E-05,5.17E+08
0.004266406,-6.01E-15,5.17E+08
0.00439043,7.62E-05,5.17E+08
0.004365625,5.08E-05,5.17E+08
0.00434082,2.54E-05,5.17E+08
0.004316016,-6.01E-15,5.17E+08
0.004415234,5.08E-05,5.17E+08
0.00439043,2.54E-05,5.17E+08
0.004365625,-6.01E-15,5.17E+08
0.004440039,2.54E-05,5.17E+08
0.004415234,-6.01E-15,5.17E+08
0.004464844,-6.01E-15,5.17E+08
0.004489648,2.54E-05,5.17E+08
0.004514453,5.08E-05,5.17E+08
0.004539258,7.62E-05,5.17E+08
0.004564062,1.02E-04,5.17E+08
0.004588867,1.27E-04,5.17E+08
0.004613672,1.52E-04,5.18E+08
0.004464844,5.08E-05,5.17E+08
0.004489648,7.62E-05,5.17E+08
0.004514453,1.02E-04,5.17E+08
0.004539258,1.27E-04,5.17E+08
0.004564062,1.52E-04,5.17E+08
0.004440039,7.62E-05,5.17E+08
0.004464844,1.02E-04,5.17E+08
0.004489648,1.27E-04,5.17E+08
0.004514453,1.52E-04,5.17E+08
0.004415234,1.02E-04,5.17E+08
0.004440039,1.27E-04,5.17E+08
0.004464844,1.52E-04,5.17E+08
0.00439043,1.27E-04,5.17E+08
0.004415234,1.52E-04,5.17E+08
0.004365625,1.52E-04,5.17E+08
0.004464844,3.05E-04,5.17E+08
0.004440039,2.79E-04,5.17E+08
0.004415234,2.54E-04,5.17E+08
0.00439043,2.29E-04,5.17E+08
0.004365625,2.03E-04,5.17E+08
0.00434082,1.78E-04,5.17E+08
0.004489648,2.79E-04,5.17E+08
0.004464844,2.54E-04,5.17E+08
0.004440039,2.29E-04,5.17E+08
0.004415234,2.03E-04,5.17E+08
0.00439043,1.78E-04,5.17E+08
0.004514453,2.54E-04,5.17E+08
0.004489648,2.29E-04,5.17E+08
0.004464844,2.03E-04,5.17E+08
0.004440039,1.78E-04,5.17E+08
0.004539258,2.29E-04,5.17E+08
0.004514453,2.03E-04,5.17E+08
0.004489648,1.78E-04,5.17E+08
0.004564062,2.03E-04,5.17E+08
0.004539258,1.78E-04,5.17E+08
0.004588867,1.78E-04,5.17E+08
0.004316016,2.03E-04,5.17E+08
0.00434082,2.29E-04,5.17E+08
0.004365625,2.54E-04,5.17E+08
0.00439043,2.79E-04,5.17E+08
0.004415234,3.05E-04,5.17E+08
0.004291211,2.29E-04,5.17E+08
0.004316016,2.54E-04,5.17E+08
0.00434082,2.79E-04,5.17E+08
0.004365625,3.05E-04,5.17E+08
0.004266406,2.54E-04,5.17E+08
0.004291211,2.79E-04,5.17E+08
0.004316016,3.05E-04,5.17E+08
0.004241602,2.79E-04,5.17E+08
0.004266406,3.05E-04,5.17E+08
0.004216797,3.05E-04,5.17E+08
0.004638477,1.27E-04,5.18E+08
0.004613672,1.02E-04,5.18E+08
0.004588867,7.62E-05,5.18E+08
0.004564062,5.08E-05,5.17E+08
0.004539258,2.54E-05,5.17E+08
0.004514453,-6.01E-15,5.17E+08
0.004663281,1.02E-04,5.18E+08
0.004638477,7.62E-05,5.18E+08
0.004613672,5.08E-05,5.18E+08
0.004588867,2.54E-05,5.17E+08
0.004564062,-6.01E-15,5.17E+08
0.004688086,7.62E-05,5.18E+08
0.004663281,5.08E-05,5.18E+08
0.004638477,2.54E-05,5.18E+08
0.004613672,-6.01E-15,5.17E+08
0.004712891,5.08E-05,5.18E+08
0.004688086,2.54E-05,5.18E+08
0.004663281,-6.01E-15,5.18E+08
0.004737695,2.54E-05,5.18E+08
0.004712891,-6.01E-15,5.18E+08
0.0047625,-6.01E-15,5.17E+08
0.004638477,1.78E-04,5.18E+08
0.004663281,1.52E-04,5.18E+08
0.004688086,1.27E-04,5.18E+08
0.004712891,1.02E-04,5.18E+08
0.004737695,7.62E-05,5.17E+08
0.0047625,5.08E-05,5.17E+08
0.004663281,2.03E-04,5.18E+08
0.004688086,1.78E-04,5.18E+08
0.004712891,1.52E-04,5.18E+08
0.004737695,1.27E-04,5.18E+08
0.0047625,1.02E-04,5.17E+08
0.004688086,2.29E-04,5.18E+08
0.004712891,2.03E-04,5.18E+08
0.004737695,1.78E-04,5.18E+08
0.0047625,1.52E-04,5.17E+08
0.004712891,2.54E-04,5.18E+08
0.004737695,2.29E-04,5.18E+08
0.0047625,2.03E-04,5.17E+08
0.004737695,2.79E-04,5.17E+08
0.0047625,2.54E-04,5.18E+08
0.0047625,3.05E-04,5.17E+08
0.004613672,2.03E-04,5.17E+08
0.004638477,2.29E-04,5.17E+08
0.004663281,2.54E-04,5.17E+08
0.004688086,2.79E-04,5.17E+08
0.004712891,3.05E-04,5.17E+08
0.004588867,2.29E-04,5.17E+08
0.004613672,2.54E-04,5.17E+08
0.004638477,2.79E-04,5.17E+08
0.004663281,3.05E-04,5.17E+08
0.004564062,2.54E-04,5.17E+08
0.004588867,2.79E-04,5.17E+08
0.004613672,3.05E-04,5.17E+08
0.004539258,2.79E-04,5.17E+08
0.004564062,3.05E-04,5.17E+08
0.004514453,3.05E-04,5.17E+08
